brand,model,price_egp,cpu,cpu_cores,cpu_max_speed,cpu_score,gpu,vram,ram,hard_capacity,display_size,refresh_rates,resolution,warranty,warranty_duration,windows_11,seller,link_to_product
HP,Omen 16-AE0075CL,"79,999",Intel Core i7 14700HX,20,5.5,"37,275",NVIDIA GeForce RTX 4070,8,16,1TB,16.1,144Hz,1920x1080,1,1,1,EGYPTLAPTOP,https://egyptlaptop.com/laptops/hp-omen-16-ae0075cl-gaming-laptop-intel-core-i7-14700hx-1tb-ssd-16gb-ram-nvidia-geforce-rtx-4070-8gb-16-1-inch-fhd-win-11-meteor-silver
Lenovo,Legion 5 Pro 16IRX9,"77,999",Intel Core i7 14650HX,16,5.2,"34,738",NVIDIA GeForce RTX 4060,8,16,1TB,16,165Hz,2560x1600,1,2,0,2B,https://2b.com.eg/en/lenovo-legion-5-pro-16irx9-laptop-intelr-coretm-i7-14650hx-16gb-1tbssd-nvidiar-geforcer-rtx-4060-8gb-16-wuxga-grey.html
Lenovo,Legion 5 Pro 16IRX9,"77,999",Intel Core i7 14650HX,16,5.2,"34,738",NVIDIA GeForce RTX 4060,8,16,1TB,16,240Hz,2560x1600,1,1,1,Dream 2000,https://dream2000.com/en/lenovo-legion-5-pro-16irx9-gaming-laptop-intelr-coretm-i7-14650hx-16gb-ram-1tb-ssd-nvidiar-geforce-rtxtm-4060-8gb-16-wqxga-83df00kfed-onyx-grey.html
Lenovo,Legion Pro 5 16IRX9 83DF000AAX,"77,999",Intel Core i7 14650HX,16,5.2,"34,738",NVIDIA GeForce RTX 4060,8,16,1TB,16,165Hz,2560x1600,1,2,0,RAYA,https://www.rayashop.com/en/lenovo-legion-pro-5-16irx9-gaming-laptop-intel-core-i7-14650hx-processor-16-inch-wqxga-display-1-tb-ssd-16-gb-ram-ddr5-nvidia-geforce-rtx-4060-8-gb-graphics-dos-onyx-grey-83df00fred
Gigabyte,AORUS 16X,"77,499",Intel Core i7 13650HX,14,4.9,"30,649",NVIDIA GeForce RTX 4070,8,16,1TB,16,165Hz,2560x1600,1,2,1,kimostore,https://kimostore.net/products/gigabyte-aorus-16x-laptop-intel-core-i7-13650hx-16gb-ram-m-2-nvme-1tb-nvidia-rtx-4070-8gb-16-0-inch-wqxga-165hz-win-11?_pos=5&_fid=80ebf0845&_ss=c
HP,OMEN 16-am0014ne,"75,199",Intel Core i7 14650HX,16,5.2,"34,738",NVIDIA GeForce RTX 5060,8,16,1TB,16,240Hz,2048x1280,1,1,1,2B,https://2b.com.eg/en/hp-omen-16-am0014ne-laptop-intelr-coretm-i7-14650hx-16gb-1tb-ssd-nvidiar-geforcer-rtx-5060-8gb-16-2-5k-240hz-win11-shadow-black.html
MSI,Sword 16 HX B14VFKG,"73,999",Intel Core i9 14900HX,24,5.8,"45,150",NVIDIA GeForce RTX 4060,8,16,1TB,16,144Hz,1920x1080,1,1,0,EGYPTLAPTOP,https://egyptlaptop.com/laptops/msi-sword-16-hx-b14vfkg-gaming-laptop-intel-core-i9-14900hx-1tb-ssd-16gb-ram-nvida-geforce-rtx-4060-8gb-16-inch-fhd-144hz-cosmos-gray
MSI,Sword 16 HX B14VFKG-1048XEG,"73,999",Intel Core i9 14900HX,24,5.8,"45,150",NVIDIA GeForce RTX 4060,8,16,1TB,16,144Hz,1920x1200,1,2,0,kimostore,https://kimostore.net/products/msi-sword-16-hx-b14vfkg-1048xeg-laptop-intel-core-i9-14900hx-16gb-ram-m-2-nvme-1tb-nvidia-rtx-4060-8gb-16-inch-fhd-ips-144hz?_pos=9&_fid=80ebf0845&_ss=c
Lenovo,IdeaPad Pro 5 16IMH9,"72,999",Intel Core Ultra 9 185H,16,5.1,"29,365",NVIDIA GeForce RTX 4050,6,32,1TB,16,120Hz,2560x1600,1,1,1,2B,https://2b.com.eg/en/lenovo-ideapad-pro-5-16imh9-laptop-intelr-coretm-ultra-9-185h-32gb-1tb-ssd-nvidiar-geforce-rtxtm-4050-6gb-16-2k-oled-win11-arctic-grey.html
Lenovo,Legion Pro 5 16IRX9,"72,999",Intel Core i7 14650HX,16,5.2,"34,738",NVIDIA GeForce RTX 4060,8,16,1TB,16,240Hz,2560x1600,1,2,0,kimostore,https://kimostore.net/products/lenovo-legion-pro-5-16irx9-gaming-laptop-intel-core-i7-14650hx-16gb-ram-m-2-nvme-1tb-nvidia-rtx-4060-8gb-16-0-inch-wqxga-ips-240hz-legion-m300s-rgb-gaming-mouse-legion-gaming-speed-mouse-pad-m-onyx-grey?_pos=39&_fid=1f76ba906&_ss=c
HP,Envy 16-H1053DX,"71,999",Intel Core i7 13700H,14,5,"26,315",NVIDIA GeForce RTX 4060,8,8,1TB,16,120Hz,2560x1600,1,1,1,EGYPTLAPTOP,https://egyptlaptop.com/laptops/hp-envy-16-h1053dx-intel-core-i7-13700h-1tb-ssd-16gb-ram-nvidia-geforce-rtx-4060-8gb-16-inch-wqxga-touch-screen-win-11
ASUS,TUF A14,"69,999",AMD Ryzen AI 9 HX 370,12,5.1,"35,219",NVIDIA GeForce RTX 4060,8,16,1TB,14,120Hz,2560x1600,1,1,1,Dream 2000,https://dream2000.com/en/asus-tuf-a14-gaming-laptop-amd-ryzentm-ai-9-hx-370-16gb-ram-1tb-ssd-nvidiar-geforce-rtxtm-4060-14-0-2-5k-win11-fa401wv-rg053w-jaeger-gray.html
ASUS,ROG Strix G16 G614JV-N3487W,"69,999",Intel Core i7 13650HX,14,4.9,"30,649",NVIDIA GeForce RTX 4060,8,16,1TB,16,165Hz,1920x1200,1,2,1,kimostore,https://kimostore.net/products/asus-rog-strix-g16-g614jv-n3487w-laptop-intel-core-i7-13650hx-16gb-ram-m-2-nvme-1tb-nvidia-rtx-4060-8gb-16-0-inch-wuxga-ips-165hz-win11-eclipse-gray?_pos=23&_fid=80ebf0845&_ss=c
Lenovo,Legion Slim 5 16IRH8,"69,999",Intel Core i7 13700H,14,5,"26,315",NVIDIA GeForce RTX 4060,8,16,1TB,16,165Hz,2560x1600,1,1,0,EGYPTLAPTOP,https://egyptlaptop.com/laptops/lenovo-legion-slim-5-16irh8-intel-core-i7-13700h-1tb-ssd-16gb-ram-nvidia-geforce-rtx-4060-8gb-16-inch-fhd
ASUS,TUF Gaming A14 FA401WV-RG053W,"69,888",AMD Ryzen AI 9 HX 370,12,5.1,"35,219",NVIDIA GeForce RTX 4060,8,16,1TB,14,165Hz,2560x1600,1,1,1,kimostore,https://kimostore.net/products/asus-tuf-gaming-a14-2024-fa401wv-rg053w-laptop-amd-ryzen-ai-9-hx-370-16gb-ram-m-2-nvme-1tb-nvidia-rtx-4060-8gb-14-0-inch-2-5k-wqxga-ips-165hz-tuf-backpack-win11?_pos=3&_fid=80ebf0845&_ss=c
Asus,TUF Gaming F15 FX507VI-LP066W,"68,999",Intel Core i7 13620H,10,4.9,"24,111",NVIDIA GeForce RTX 4070,8,16,1TB,15.6,144Hz,1920x1080,1,1,1,Dream 2000,https://dream2000.com/en/asus-tuf-gaming-f15-fx507vi-lp066w-intelr-coretmi7-13620h-16gb-ram-1tb-ssd-rtx-4070-15-6-fhd-win11-jaeger-gray.html
HP,Victus 16-R1052NE,"68,888",Intel Core i7 14700HX,20,5.5,"37,275",NVIDIA GeForce RTX 4070,8,16,1TB,16.1,144Hz,1920x1080,1,1,0,EGYPTLAPTOP,https://egyptlaptop.com/laptops/hp-victus-16-r1052ne-intel-core-i7-14700hx-1tb-ssd-16gb-ram-nvidia-geforce-rtx-4070-8gb-16-1-inch-fhd
Lenovo,Legion Pro 5 16IRX10,"68,666",Intel Core i7 14650HX,16,5.2,"34,738",NVIDIA GeForce RTX 5050,8,16,512GB,16,240Hz,2560x1600,1,2,1,kimostore,https://kimostore.net/products/lenovo-legion-pro-5-16irx10-gaming-laptop-intel-core-i7-14650hx-16gb-ram-m-2-nvme-512gb-nvidia-rtx-5050-8gb-16-0-inch-wqxga-ips-240hz-win11-eclipse-black?_pos=40&_fid=1f76ba906&_ss=c
Acer,Nitro V16,"67,999",Intel Core i7 14650HX,16,5.2,"34,738",NVIDIA GeForce RTX 4060,8,16,512GB,16,165Hz,2560x1600,1,1,1,Dream 2000,https://dream2000.com/en/acer-nitro-v16-intelr-coretm-i7-14650hx-16gb-ram-512gb-ssd-rtx-4060-16-wqxga-win11-black.html
Lenovo,IdeaPad Pro 5 16IMH9,"67,799",Intel Core Ultra 7 155H,16,4.8,"24,822",NVIDIA GeForce RTX 3050,6,16,512GB,16,120Hz,2560x1600,1,2,1,2B,https://2b.com.eg/en/lenovo-ideapad-pro-5-16imh9-laptop-intelr-coretm-ultra-7-155h-16gb-512gb-ssd-nvidiar-geforce-rtxtm-3050-6gb-16-2k-oled-win11-gray.html
Gigabyte,AORUS 16X AKG 2024,"66,499.00",Intel Core i7 14650HX,16,5.2,"34,738",NVIDIA GeForce RTX 4060,8,16,1TB,16,165Hz,2560x1600,1,2,1,compuscience,https://compuscience.com.eg/en/laptop/4224-3002-gigabyte-aorus-16x-akg-2024-i7-14650hx-16gb-ddr5-ssd-1tb-nvme-rtx-4060-8gb-gddr6-16-qhd-165hz-win11.html#/72-payment_plan-cash
HP,OMEN 16-am0016ne,"66,299",Intel Core i7 14650HX,16,5.2,"34,738",NVIDIA GeForce RTX 5050,8,16,512GB,16,144Hz,2048x1280,1,1,1,2B,https://2b.com.eg/en/hp-omen-16-am0016ne-laptop-intelr-coretm-i7-14650hx-16gb-512gb-ssd-nvidiar-geforcer-rtx-5050-8gb-16-2k-144hz-win11-shadow-black.html
Lenovo,Legion 5 16IRX9,"65,499",Intel Core i7 14650HX,16,5.2,"34,738",NVIDIA GeForce RTX 4060,8,16,512GB,16,165HZ,2560x1600,1,1,1,EGYPTLAPTOP,https://egyptlaptop.com/laptops/lenovo-legion-5-16irx9-gaming-laptop-intel-core-i7-14650hx-512gb-ssd-16gb-ram-nvidia-geforce-rtx-4060-8gb-16-inch-wqxga-win-11-luna-grey
Asus,TUF Gaming FA401WU-RG037W,"64,999",AMD Ryzen AI 9 HX 370,12,5.1,"35,219",NVIDIA GeForce RTX 4050,6,16,1TB,14,120Hz,2560x1600,1,1,1,Dream 2000,https://dream2000.com/en/asus-tuf-gaming-a14-fa401wu-rg037w-amd-ryzentm-ai-9-hx-370-16gb-ram-1tb-ssd-geforce-rtxtm-4050-14-inch-2-5k-win-11-jaeger-gray.html
Lenovo,Legion 5 16IRX9,"64,999",Intel Core i7 13650HX,14,4.9,"30,649",NVIDIA GeForce RTX 4060,8,16,1TB,16,165Hz,2560x1600,1,1,1,EGYPTLAPTOP,https://egyptlaptop.com/laptops/lenovo-legion-5-16irx9-gaming-laptop-intel-core-i7-13650hx-1tb-ssd-16gb-ram-nvidia-geforce-rtx-4060-8gb-gddr6-16-inch-wqxga-win-11-luna-grey
ASUS,TUF Gaming F15 FX507VI-LP066W,"64,999",Intel Core i7 13620H,10,4.9,"24,111",NVIDIA GeForce RTX 4070,8,16,1TB,15.6,144Hz,1920x1080,1,1,1,compuscience,https://compuscience.com.eg/en/laptop/4428-3359-asus-tuf-gaming-f15-fx507vi-lp066w-i7-13620h-16gb-1tb-ssd-rtx4070-8gb-gray.html#/72-payment_plan-cash
HP,victus 16-r0068ne,"64,500",Intel Core i7 13700H,14,5,"26,315",NVIDIA GeForce RTX 4060,8,16,1TB,16.1,240Hz,2560x1440,1,1,1,Dream 2000,https://dream2000.com/en/hp-victus-16-r0068ne-gaming-laptop-intelr-coretm-i7-13700h-nvidiar-geforce-rtxtm-4060-8gb-16gb-ram-1tb-ssd-16-1-qhd-win11-blue.html
HP,Victus 16â€Ž-r1049ne 9X707EA,"63,999",Intel Core i7 14700HX,20,5.5,"37,275",NVIDIA GeForce RTX 4060,8,16,1TB,16.1,144Hz,1920x1080,1,1,0,RAYA,https://www.rayashop.com/en/hp-victus-16-r1049ne-gaming-laptop-intel-core-i7-14700hx-processor-161-inch-fhd-display-1-tb-ssd-16-gb-ram-ddr5-nvidia-geforce-rtx-4060-8-gb-graphics-dos-blue-9x707ea-8
Dell,G15 5530,"63,999",Intel Core i7 13650HX,14,4.9,"30,649",NVIDIA GeForce RTX 4060,8,16,1TB,15.6,360Hz,1920x1080,1,1,1,EGYPTLAPTOP,https://egyptlaptop.com/laptops/dell-g15-5530-intel-core-i7-13650hx-1tb-ssd-16gb-ram-nvidia-geforce-rtx-4060-8gb-15-6-inch-fhd-win-11
Lenovo,LOQ 15ARP9,"63,500",AMD Ryzen 7 7435HS,8,4.5,"23,314",NVIDIA GeForce RTX 4070,8,24,512GB,15.6,144Hz,1920x1080,1,1,1,Dream 2000,https://dream2000.com/en/lenovo-loq-15arp9-gaming-laptop-amd-ryzentm-7-7435hs-24gb-ram-512gb-ssd-nvidiar-geforce-rtxtm-4070-8gb-15-6-fhd-83jc00daed-luna-grey.html
Acer,Nitro V16,"63,300",Intel Core i7 14650HX,16,5.2,"34,738",NVIDIA GeForce RTX 4050,6,16,512GB,16,165Hz,1920x1200,1,1,1,Dream 2000,https://dream2000.com/en/acer-nitro-v16-intelr-coretm-i7-14650hx-16gb-ram-512gb-ssd-rtx-4050-16-wqxga-win11-black.html
MSI,Sword 16 B14VFKG,"63,000",Intel Core i7 14650HX,16,5.2,"34,738",NVIDIA GeForce RTX 4060,8,16,512GB,16,165Hz,1920x1200,1,1,1,Dream 2000,https://dream2000.com/en/msi-sword-16-b14vfkg-laptop-intelr-coretm-i7-14650hx-16gb-ram-512gb-ssd-rtx-4060-16-fhd-cosmos-gray.html
MSI,Sword 16 B14VFKG,"62,999",Intel Core i7 14650HX,16,5.2,"34,738",NVIDIA GeForce RTX 4060,8,16,512GB,16,144Hz,1920x1200,0,0,0,2B,https://2b.com.eg/en/msi-sword-16-b14vfkg-laptop-intelr-coretm-i7-14650hx-16gb-512gb-ssd-nvidiar-geforce-rtx-4060-8gb-16-fhd-144hz-cosmos-grey.html
MSI,Sword 16 HX B14VFKG,"62,999",Intel Core i7 14650HX,16,5.2,"34,738",NVIDIA GeForce RTX 4060,8,16,512GB,16,144Hz,1920x1200,1,2,1,EGYPTLAPTOP,https://egyptlaptop.com/laptops/msi-sword-16-hx-b14vfkg-gaming-laptop-intel-core-i7-1465hx-512gb-ssd-16gb-ram-nvida-geforce-rtx-4060-8gb-16-inch-fhd144hz-gray
ASUS,TUF Gaming A16 FX608JHR-RV057W,"62,999",Intel Core i7 14650HX,16,5.2,"34,738",NVIDIA GeForce RTX 5050,8,16,512GB,16,165Hz,1920x1080,1,1,1,RAYA,https://www.rayashop.com/en/asus-tuf-gaming-a16-fx608jhr-rv057w-gaming-laptop-intel-core-i7-14650hx-processor-16-inch-fhd-display-512-gb-ssd-16-gb-ram-ddr5-nvidia-geforce-rtx-5050-8-gb-graphics-win11-jaeger-grey-90nr0na1-m002u0-1
Lenovo,LOQ 15IRX9 83DV00VMED,"62,399",Intel Core i7 14700HX,20,5.5,"37,275",NVIDIA GeForce RTX 4060,8,16,1TB,15.6,144Hz,1920x1080,1,1,1,Dream 2000,https://dream2000.com/en/lenovo-loq-15irx9-gaming-laptop-intelr-coretm-i7-14700hx-16gb-1tb-nvidiar-geforce-rtxtm-4060-8gb-15-6-fhd-win11-83dv00vmed-luna-grey.html
Asus,TUF Gaming F15-FX507VV-LP156W,"61,999",Intel Core i7 13620H,10,4.9,"24,111",NVIDIA GeForce RTX 4060,8,16,1TB,15.6,144Hz,1920x1080,1,1,1,Dream 2000,https://dream2000.com/en/asus-tuf-gaming-f15-fx507vv-lp156w-intelr-coretm-i7-13620h-16gb-1tb-ssd-rtx-4060-15-6-fhd-win11-jaeger-gray.html
HP,OMEN 16-wd0073dx,"61,999",Intel Core i7 13620H,10,4.9,"24,111",NVIDIA GeForce RTX 4060,8,16,1TB,16.1,165Hz,1920x1080,1,1,1,EGYPTLAPTOP,https://egyptlaptop.com/laptops/hp-omen-16-wd0073dx-intel-core-i7-13620h-1-tb-ssd-16-gb-ram-nvidia-geforce-rtx-4060-16-1-inch-fhd-win-11
ASUS,TUF Gaming F16 FX608JHR-RV057W,"61,999",Intel Core i7 14650HX,16,5.2,"34,738",NVIDIA GeForce RTX 5050,8,16,512GB,16,165Hz,1920x1200,1,1,1,kimostore,https://kimostore.net/products/asus-tuf-gaming-f16-fx608jhr-rv057w-laptop-intel-core-i7-14650hx-16gb-ram-m-2-nvme-512gb-nvidia-rtx-5050-8gb-16-inch-fhd-ips-165hz-win11-jaeger-gray?_pos=25&_fid=1f76ba906&_ss=c
Dell,G15 5530,"61,649",Intel Core i7 13650HX,14,4.9,"30,649",NVIDIA GeForce RTX 4060,8,16,1TB,15.6,120Hz,1920x1080,1,1,1,kimostore,https://kimostore.net/products/dell-g15-5530-laptop-intel-core-i7-13650hx-16gb-ram-m-2-nvme-1tb-nvidia-rtx-4060-8gb-15-6-inch-fhd-120hz-win11-gray?_pos=20&_fid=80ebf0845&_ss=c
Acer,Nitro V16 ANV16-71-72TF,"61,599",Intel Core i7 14650HX,16,5.2,"34,738",NVIDIA GeForce RTX 4050,6,16,512GB,16,165Hz,1920x1200,1,2,1,2B,https://2b.com.eg/en/acer-nitro-v16-anv16-71-72tf-laptop-intelr-coretm-i7-14650hx-16gb-512gb-ssd-nvidiar-geforcer-rtx-4050-6gb-16-wuxga-165hz-win11-obsidian-black.html
Acer,Nitro V16 ANV16-71-79E0,"60,888.00",Intel Core i7 14650HX,16,5.2,"34,738",NVIDIA GeForce RTX 4060,8,16,512GB,16,165Hz,1920x1200,1,1,1,compuscience,https://compuscience.com.eg/en/laptop/4374-3271-acer-nitro-v16-anv16-71-79e0-i7-16gb-ddr5-512ssd-gtx-4060-8gb-16-inch-165hz-win11-obsidian-black.html#/72-payment_plan-cash
Asus,Zenbook 14 OLED UX3405MA-PP009WS,"59,999",Intel Core Ultra 9 185H,16,5.1,"29,365",Intel Arc Graphics,0,16,1TB,14,120Hz,2880x1800,1,1,1,Dream 2000,https://dream2000.com/en/asus-ux3405ma-pp009ws-intelr-coretm-ultra-9-185h-ram16gb-1tb-ssd-intelr-arc-14-3k-win-11-ponder-blue.html
MSI,Sword 16 HX B14VFKG,"59,999.00",Intel Core i7 14650HX,16,5.2,"34,738",NVIDIA GeForce RTX 4060,8,16,512GB,16,144Hz,1920x1200,1,2,1,compuscience,https://compuscience.com.eg/en/laptop/4438-3376-msi-sword-16-hx-b14vfkg-i7-14650hx-16gb-512-ssd-rtx4060-ddr6-8gb-16-fhd-144hz-win11home-.html#/72-payment_plan-cash
Dell,G15 5530,"59,999",Intel Core i7 13650HX,14,4.9,"30,649",NVIDIA GeForce RTX 4060,8,16,1TB,15.6,120HZ,1920x1080,1,1,1,EGYPTLAPTOP,https://egyptlaptop.com/laptops/dell-g15-g5530-7388gry-gaming-laptop-intel-core-i7-13650hx-1tb-ssd-16gb-ram-nvidia-geforce-rtx-4060-8192mb-15-6-inch-fhd-win-11-gray
ASUS,TUF Gaming A14 FA401UV-RG020W,"59,999",AMD Ryzen 7 8845HS,8,5.1,"28,446",NVIDIA GeForce RTX 4060,8,16,512GB,14,165Hz,2560x1600,1,1,1,kimostore,https://kimostore.net/products/asus-tuf-gaming-a14-fa401uv-rg020w-laptop-amd-ryzen-7-8845hs-16gb-ram-m-2-nvme-512gb-nvidia-rtx-4060-8gb-14-0-inch-wqxga-ips-165hz-win11-jaeger-gray?_pos=7&_fid=80ebf0845&_ss=c
Lenovo,LOQ 15IRX10 83JE00DAED,"59,999.00",Intel Core i7 14700HX,20,5.5,"37,275",NVIDIA GeForce RTX 5050,8,24,512GB,15.6,144Hz,1920x1080,1,2,1,TECHNOLOGYVALLEY,https://tv-it.com/products/lenovo-loq-15irx10-gaming-laptop-83je00daed
Lenovo,IdeaPad Pro5 83D40030ED,"59,799",Intel Core Ultra 5 125H,14,4.5,"20,940",NVIDIA GeForce RTX 3050,6,16,512GB,16,120Hz,2048x1280,1,1,1,Dream 2000,https://dream2000.com/en/lenovo-ideapad-pro5-83d40030ed-intelr-coretm-ultra-5-125h-16gb-ram-512gb-ssd-rtx-3050-16-2k-win-11-arctic-grey.html
Lenovo,LOQ 15IRX10,"59,777",Intel Core i7 14700HX,20,5.5,"37,275",NVIDIA GeForce RTX 5060,8,24,512GB,15.6,144Hz,1920x1080,1,2,0,EGYPTLAPTOP,https://egyptlaptop.com/laptops/lenovo-loq-15irx10-gaming-laptop-intel-core-i7-14700hx-512gb-ssd-24gb-ram-nvidia-geforce-rtx-5060-8gb-15-6-inch-fhd-luna-grey
Acer,Nitro V16 ANV16-71-72TF,"59,444.00",Intel Core i7 14650HX,16,5.2,"34,738",NVIDIA GeForce RTX 4050,6,16,512GB,16,165Hz,1920x1200,1,1,1,compuscience,https://compuscience.com.eg/en/laptop/4375-3274-acer-nitro-v16-anv16-71-72tf-i7-14650hx-16gb-ddr5-512ssd-gtx-4050-6gb-16-inch-165hz-win611-obsidian-black.html#/72-payment_plan-cash
Msi,Katana A15 AI B8VF,"58,999",AMD Ryzen 9 8945HS,8,5.1,"28,446",NVIDIA GeForce RTX 4060,8,16,512GB,15.6,144Hz,1920x1080,1,1,1,Dream 2000,https://dream2000.com/en/msi-katana-a15-ai-b8vf-gaming-laptop-amd-ryzentm-9-8945hs-8gb-ram-512gb-ssd-nvidiar-geforce-rtxtm-4060-8gb-15-6-fhd-cosmos-gray.html
Lenovo,LOQ 15IRX10,"58,888",Intel Core i7 14700HX,20,5.5,"37,275",NVIDIA GeForce RTX 5060,8,24,512GB,15.6,144Hz,1920x1080,1,2,0,kimostore,https://kimostore.net/products/lenovo-loq-15irx10-laptop-intel-core-i7-14700hx-24gb-ram-m-2-nvme-512gb-nvidia-rtx-5060-8gb-15-6-inch-fhd-ips-144hz-luna-grey?_pos=37&_fid=1f76ba906&_ss=c
Lenovo,LOQ 15IRX9 83DV0070PS,"57,999",Intel Core i7 13650HX,14,4.9,"30,649",NVIDIA GeForce RTX 4060,8,16,512GB,15.6,144Hz,1920x1080,1,1,0,RAYA,https://www.rayashop.com/en/lenovo-loq-15irx9-gaming-laptop-intel-core-i7-13650hx-processor-156-inch-fhd-display-512-gb-ssd-16-gb-ram-ddr5-nvidia-geforce-rtx-4060-8-gb-graphics-dos-luna-grey-83dv0070ps-11
ASUS,TUF Gaming F15 FX507VV-LP156W,"57,699",Intel Core i7 13620H,10,4.9,"24,111",NVIDIA GeForce RTX 4060,8,16,1TB,15.6,144Hz,1920x1080,1,1,1,RAYA,https://www.rayashop.com/en/asus-tuf-gaming-f15-fx507vv-lp156w-gaming-laptop-intel-core-i7-13620h-processor-156-inch-fhd-display-1-tb-ssd-16-gb-ram-ddr5-nvidia-geforce-rtx-4060-8-gb-graphics-win11-jaeger-grey-tuf-gaming-f15-fx507vv-lp156w-1tb-16gb-jaeger-grey-ecc-1
Dell,G15 5530,"57,499",Intel Core i7 13650HX,14,4.9,"30,649",NVIDIA GeForce RTX 4050,6,16,512GB,15.6,165Hz,1920x1080,1,1,0,kimostore,https://kimostore.net/products/dell-g15-5530-gaming-laptop-intel-core-i7-13650hx-16gb-ram-m-2-nvme-512gb-nvidia-rtx-4050-6gb-15-6-inch-fhd-165hz-gray?_pos=12&_fid=80ebf0845&_ss=c
MSI,Sword 17 HX B14VFKG 9S7-15P214-1049,"57,499",Intel Core i7 13700HX,16,5,"32,488",NVIDIA GeForce RTX 4060,8,16,512GB,17,144Hz,1920x1080,1,2,1,RAYA,https://www.rayashop.com/en/msi-sword-17-hx-b14vfkg-gaming-laptop-intel-core-i7-13700hx-processor-17-inch-fhd-display-512-gb-ssd-16-gb-ram-ddr5-nvidia-geforce-rtx-4060-gddr6-8-gb-graphics-win11-cosmos-grey-9s7-15p214-1049-3
Lenovo,LOQ 15IRX10,"57,499",Intel Core i7 14700HX,20,5.5,"37,275",NVIDIA GeForce RTX 5050,8,24,512GB,15.6,144Hz,1920x1080,1,2,0,EGYPTLAPTOP,https://egyptlaptop.com/laptops/lenovo-loq-15irx10-gaming-laptop-intel-core-i7-14700hx-512gb-ssd-24gb-ram-nvidia-geforce-rtx-5050-8gb-15-6-inch-fhd-luna-grey
Lenovo,LOQ 15IRX10,"57,499",Intel Core i7 14700HX,20,5.5,"37,275",NVIDIA GeForce RTX 5050,8,24,512GB,15.6,144Hz,1920x1080,1,2,1,kimostore,https://kimostore.net/products/lenovo-loq-15irx1-laptop-intel-core-i7-14700hx-24gb-ram-m-2-nvme-512gb-nvidia-rtx-5050-8gb-15-6-inch-fhd-ips-144hz-win11-luna-grey?_pos=38&_fid=1f76ba906&_ss=c
ASUS,Vivobook 14 Flip,"57,199",Intel Core Ultra 7 256V,8,4.8,"19,849",Intel Arc Graphics,0,16,512GB,14,60Hz,1920x1200,0,0,1,B.TECH,https://beta.btech.com/en/p/asus-vivobook-14-flip-tp3407sa-ql039w-laptop-14-inch-wuxga-oled-60hz-matte-grey-with-asus-pen-2-0-sa203h/3db02e19-64f9-4b01-be95-5fc25f68f96d
Lenovo,LOQ 15IRX9,"56,999",Intel Core i7 14700HX,20,5.5,"37,275",NVIDIA GeForce RTX 4060,8,16,1TB,15.6,144Hz,1920x1080,1,2,0,kimostore,https://kimostore.net/products/lenovo-loq-15irx9-gaming-laptop-intel-core-i7-14700hx-16gb-ram-m-2-nvme-1tb-nvidia-rtx-4060-8gb-15-6-inch-fhd-ips-144hz-luna-grey?_pos=29&_fid=1f76ba906&_ss=c
ASUS,TUF A14 FA401UV-RG020W,"56,999",AMD Ryzen 7 8845HS,8,5.1,"28,446",NVIDIA GeForce RTX 4060,8,16,512GB,14,120Hz,2560x1600,1,1,1,Dream 2000,https://dream2000.com/en/asus-tuf-a14-gaming-laptop-amd-ryzentm-7-8845hs-16gb-ram-512gb-ssd-nvidiar-geforce-rtxtm-4060-14-0-2-5k-win11-fa401uv-rg020w-jaeger-gray.html
HP,Victus 16-R0043ne 81P96EA,"56,999",Intel Core i7 13700H,14,5,"26,315",NVIDIA GeForce RTX 4060,8,16,1TB,16.1,144Hz,1920x1080,1,1,0,RAYA,https://www.rayashop.com/en/hp-victus-16-r0043ne-gaming-laptop-intel-core-i7-13700h-processor-161-inch-fhd-display-1-tb-ssd-16-gb-ram-ddr5-nvidia-geforce-rtx-4060-gddr6-8-gb-graphics-dos-blue-81p96ea-1
HP,Victus 16-r0042ne,"56,999",Intel Core i7 13700H,14,5,"26,315",NVIDIA GeForce RTX 4060,8,16,1TB,16.1,165Hz,1920x1080,1,1,0,RAYA,https://www.rayashop.com/en/hp-victus-16-r0042ne-gaming-laptop-intel-core-i7-13700h-processor-161-inch-fhd-display-1-tb-ssd-16-gb-ram-ddr5-nvidia-geforce-rtx-4060-8gb-8-gb-graphics-dos-mica-silver-2
MSI,Katana A15 AI B8VF 9S7-158N31-614,"56,799",AMD Ryzen 9 8945HS,8,5.1,"28,446",NVIDIA GeForce RTX 4060,8,16,512GB,15.6,144Hz,1920x1080,1,2,0,2B,https://2b.com.eg/en/msi-katana-a15-ai-b8vf-laptop-amd-r9-8945hs-16gb-512gb-ssd-nvidiar-geforce-rtx-4060-8gb-15-6-fhd-144hz-black.html
Lenovo,LOQ 15IRX9,"56,399.00",Intel Core i7 14700HX,20,5.5,"37,275",NVIDIA GeForce RTX 4060,8,16,1TB,15.6,144Hz,1920x1080,1,2,1,compuscience,https://compuscience.com.eg/en/laptop/4264-3085-lenovo-loq-15irx9-intel-core-i7-14700hx-16gb-ram-1tb-ssd-rtx-4060-8gb-156-fhd-win11.html#/72-payment_plan-cash
Dell,G15 5530,"55,999",Intel Core i7 13650HX,14,4.9,"30,649",NVIDIA GeForce RTX 4050,6,16,512GB,15.6,165Hz,1920x1080,1,1,0,EGYPTLAPTOP,https://egyptlaptop.com/laptops/dell-g15-5530-intel-core-i7-13650hx-512gb-ssd-16gb-ram-nvidia-geforce-rtx-4050-6gb-15-6-inch-fhd
ASUS,TUF F16 FX607VU-RL007W,"55,999",Intel Core i7 13620H,10,4.9,"24,111",NVIDIA GeForce RTX 4050,6,16,512GB,16,144Hz,1920x1200,1,1,1,Dream 2000,https://dream2000.com/en/asus-tuf-f16-gaming-laptop-intelr-coretm-i7-13620h-16gb-ram-512gb-ssd-nnvidiar-geforce-rtxtm-4050-16-0-fhd-win11-fx607vu-rl007w-mecha-gray.html
MSI,Katana A15 AI B8VF,"55,999",AMD Ryzen 9 8945HS,8,5.1,"28,446",NVIDIA GeForce RTX 4060,8,16,512GB,15.6,144Hz,1920x1080,0,0,0,B.TECH,https://beta.btech.com/en/p/msi-katana-a15-ai-b8vf-laptop-15-6-inch-fhd-ips-144hz-display-black/9826de06-cdd9-41d8-9980-6d1beba6d944
MSI,Katana A15 AI B8VF 9S7-158N31-614,"55,999",AMD Ryzen 9 8945HS,8,5.1,"28,446",NVIDIA GeForce RTX 4060,8,16,512GB,15.6,144Hz,1920x1080,1,2,0,RAYA,https://www.rayashop.com/en/msi-katana-a15-ai-b8vf-gaming-laptop-amd-ryzen-9-8945hs-processor-156-inch-fhd-display-512-gb-ssd-16-gb-ram-ddr5-nvidia-geforce-rtx-4060-8-gb-graphics-dos-black-9s7-158n31-614-1
Lenovo,LOQ 15IRX9 83DV0129ED,"55,799",Intel Core i5 13650HX,14,4.9,"30,649",NVIDIA GeForce RTX 4050,6,16,512GB,15.6,144Hz,1920x1080,1,1,1,Dream 2000,https://dream2000.com/en/lenovo-loq-15irx9-gaming-laptop-intelr-coretm-i7-13650hx-24gb-512gb-ssd-nvidiar-geforce-rtxtm-4050-6gb-15-6-fhd-win11-83dv0129ed-luna-grey.html
Lenovo,LOQ 15IRX9,"55,555",Intel Core i7 14700HX,20,5.5,"37,275",NVIDIA GeForce RTX 4060,8,16,1TB,15.6,144Hz,1920x1080,0,0,0,EGYPTLAPTOP,https://egyptlaptop.com/laptops/lenovo-loq-15irx9-gaming-laptop-intel-core-i7-14700hx-1tb-ssd-16gb-ram-nvidia-geforce-rtx-4060-8gb-15-6-inch-fhd-luna-grey
Lenovo,LOQ 15IRX9 83DV00VMED,"55,500.00",Intel Core i7 14700HX,20,5.5,"37,275",NVIDIA GeForce RTX 4060,8,16,1TB,15.6,144Hz,1920x1080,1,2,1,TECHNOLOGYVALLEY,https://tv-it.com/products/lenovo-loq-15irx9-gaming-laptop-83dv00vmed
Lenovo,Legion 5 82JU01B7ED,"55,000.00",AMD Ryzen 7 5800H,8,4.4,"20,751",NVIDIA GeForce RTX 3070,8,16,512GB,15.6,165Hz,1920x1080,0,0,1,TECHNOLOGYVALLEY,https://tv-it.com/products/lenovo-legion-5-15ach6h-82ju01b7ed
Lenovo,LOQ 15IRX9 83DV00VLED,"55,000.00",Intel Core i7 14700HX,20,5.5,"37,275",NVIDIA GeForce RTX 4060,8,16,1TB,15.6,144Hz,1920x1080,1,2,0,TECHNOLOGYVALLEY,https://tv-it.com/products/lenovo-loq-15irx9-gaming-laptop-intel-ci7-14700hx-83dv00vled
ASUS,TUF A14 2024 FA401UU-RG028W,"54,999",AMD Ryzen 7 8845HS,8,5.1,"28,446",NVIDIA GeForce RTX 4050,6,16,512GB,14,165Hz,2560x1600,0,0,1,B.TECH,https://beta.btech.com/en/p/asus-tuf-a14-2024-fa401uu-rg028w-gaming-laptop-14-inch-ips-2-5k-165hz-jaeger-grey/e99b5790-b127-478e-ba33-3281412c610a
HP,Victus 16 R0047NIA,"54,500.00",Intel Core i7 13700H,14,5,"26,315",NVIDIA GeForce RTX 4060,8,16,1TB,16.1,144Hz,1920x1080,0,0,0,TECHNOLOGYVALLEY,https://tv-it.com/products/hp-victus-16-r0047nia-gaming-laptop-81q03ea
Lenovo,LOQ 15IRX9 83DV008PED,"53,999",Intel Core i5 13650HX,14,4.9,"30,649",NVIDIA GeForce RTX 4050,6,16,512GB,15.6,144Hz,1920x1080,1,1,1,Dream 2000,https://dream2000.com/en/lenovo-83dv008ped-loq-15irx9-intelr-coretmi7-13650hx-ram-16gb-512gb-ssd-nvidiar-rtx4050-15-6-fhd-luna-grey.html
Lenovo,LOQ 15IRX9,"53,999",Intel Core i7 13650HX,14,4.9,"30,649",NVIDIA GeForce RTX 4050,6,24,512GB,15.6,144Hz,1920x1080,0,0,0,B.TECH,https://beta.btech.com/en/p/lenovo-loq-15irx9-83dv0129ed-laptop-15-6-inch-fhd-ips-display-luna-grey/1e88c1bb-888f-420f-b6af-bda2dcdabb8d
Msi,Katana A15 AI B8VE,"53,999",AMD Ryzen 9 8945HS,8,5.1,"28,446",NVIDIA GeForce RTX 4050,6,16,512GB,15.6,144Hz,1920x1080,1,1,1,Dream 2000,https://dream2000.com/en/msi-katana-a15-ai-b8vf-gaming-laptop-amd-ryzentm-9-8945hs-8gb-ram-512gb-ssd-nvidiar-geforce-rtxtm-4060-6gb-15-6-fhd-cosmos-gray.html
Asus,Tuf Gaming F15 FX507VV-LP156W,"53,999.00",Intel Core i7 13620H,10,4.9,"24,111",NVIDIA GeForce RTX 4060,8,16,1TB,15.6,144Hz,1920x1080,1,1,1,compuscience,https://compuscience.com.eg/en/laptop/4017-2566-asus-tuf-gaming-f15-fx507vv-lp156w-intel-core-i7-13620h-16gb-ssd-1tgb-rtx4060-8gb-156-inch-fhd-144hz-win11-jaeger-gray.html#/72-payment_plan-cash
Asus,ASUS TUF F15 FX507VV-LP156W 90NR0BV8-M009Y0,"53,999.00",Intel Core i7 13620H,10,4.9,"24,111",NVIDIA GeForce RTX 4060,8,16,1TB,15.6,144Hz,1920x1080,1,1,1,TECHNOLOGYVALLEY,https://tv-it.com/products/asus-tuf-f15-fx507vv-lp156w-gaming-laptop
HP,Victus 16-r1046ne,"53,499.00",Intel Core i7 14700HX,20,5.5,"37,275",NVIDIA GeForce RTX 4050,6,16,1TB,16.1,144Hz,1920x1080,1,1,0,compuscience,https://compuscience.com.eg/en/laptop/4178-2905-hp-victus-16-r1046ne-core-i7-14700hx-16gb-ram-1tb-ssd-rtx4050-6gb-156-fhd-ips-144hz-blue.html#/72-payment_plan-cash
Lenovo,LOQ 15IRX9,"53,333",Intel Core i7 14700HX,20,5.5,"37,275",NVIDIA GeForce RTX 4060,8,16,512GB,15.6,144Hz,1920x1080,1,1,0,EGYPTLAPTOP,https://egyptlaptop.com/laptops/lenovo-loq-15irx9-gaming-laptop-intel-core-i7-14700hx-512gb-ssd-16gb-ram-nvidia-geforce-rtx-4060-8gb-15-6-inch-fhd-luna-grey
HP,nan,"53,000",Intel Core i7 13700H,14,5,"26,315",NVIDIA GeForce RTX 4050,6,16,1TB,15.6,144Hz,1920x1080,1,1,1,Dream 2000,https://dream2000.com/en/hp-gaming-laptop-i7-13700h-16gb-1tb-rtx-4050-15-6-fhd-win-11-15-fa1002ne-silver.html
HP,Victus 16-r0001ne,"52,999",Intel Core i7 13700H,14,5,"26,315",NVIDIA GeForce RTX 3050,6,16,512GB,16.1,144Hz,1920x1080,1,1,1,Dream 2000,https://dream2000.com/en/hp-victus-16-r0001ne-gaming-laptop-intelr-coretm-i7-13700h-nvidiar-geforce-rtxtm-3050-6gb-16gb-ram-512gb-ssd-16-1-fhd-win11-black-1-html.html
HP,Victus 15-fa1001ne 7Q765EA,"52,999",Intel Core i7 13700H,14,5,"26,315",NVIDIA GeForce RTX 4050,6,16,1TB,15.6,144Hz,1920x1080,0,0,1,B.TECH,https://beta.btech.com/en/p/hp-victus-15-fa1001ne-7q765ea-gaming-laptop-15-6-inch-fhd-144hz-mica-silver/e683e264-bc5f-4050-88b3-6cfe49b3e9b6
HP,Victus 15-fa1001ne 7Q765EA,"52,999",Intel Core i7 13700H,14,5,"26,315",NVIDIA GeForce RTX 4060,6,16,1TB,15.6,144Hz,1920x1080,1,1,1,2B,https://2b.com.eg/en/hp-victus-15-fa1001ne-laptop-intelr-core-i7-13700h-16gb-1tb-ssd-nvidiar-geforcer-rtx-4050-6gb-15-6-fhd-144hz-win11-natural-silver.html
Gigabyte,G5 KF5-H3EE354KD,"52,222.00",Intel Core i7 13620H,10,4.9,"24,111",NVIDIA GeForce RTX 4060,8,16,1TB,15.6,144Hz,1920x1080,1,2,0,compuscience,https://compuscience.com.eg/en/laptop/4022-2575-gigabyte-g5-kf5-h3ee354kd-intel-core-i7-13620h-16gb-ddr5-ssd1tb-nvme-rtx-4060-8gb-156-inch-ips-144hz-iron-gray.html#/72-payment_plan-cash
Lenovo,LOQ 15IRX9 83DV0129ED,"51,999.00",Intel Core i7 13650HX,14,4.9,"30,649",NVIDIA GeForce RTX 4050,6,24,512GB,15.6,144Hz,1920x1080,1,2,0,TECHNOLOGYVALLEY,https://tv-it.com/products/lenovo-loq-15irx9-gaming-laptop-83dv0129ed
ASUS,TUF A14,"51,999",AMD Ryzen 7 8845HS,8,5.1,"28,446",NVIDIA GeForce RTX 4050,6,16,512GB,14,120HZ,2560x1600,1,1,1,Dream 2000,https://dream2000.com/en/asus-tuf-a14-gaming-laptop-amd-ryzentm-7-8845hs-16gb-ram-512gb-ssd-amd-radeontm-navi3-14-0-2-5k-win11-fa401uu-rg028w-jaeger-gray.html
MSI,Katana A15 AI B8VE 9S7-158N31-615,"51,999",AMD Ryzen 9 8945HS,8,5.1,"28,446",NVIDIA GeForce RTX 4050,6,16,512GB,15.6,144Hz,1920x1080,1,2,0,RAYA,https://www.rayashop.com/en/msi-katana-a15-ai-b8ve-gaming-laptop-amd-ryzen-9-8945hs-processor-156-inch-fhd-display-512-gb-ssd-16-gb-ram-ddr5-nvidia-geforce-rtx-4050-6-gb-graphics-dos-black-9s7-158n31-615-1
Lenovo,LOQ 15IRX9,"51,999.00",Intel Core i7 14700HX,20,5.5,"37,275",NVIDIA GeForce RTX 4060,8,16,512GB,15.6,144Hz,1920x1080,1,1,0,compuscience,https://compuscience.com.eg/en/laptop/4406-3330--lenovo-loq-15irx9-i7-14700hx-156-16gb-512gb-ssd-nvidia-geforce-rtx-4060-8gb-luna-grey.html#/72-payment_plan-cash
HP,Victus16-r0042ne,"51,999",Intel Core i7 13700H,14,5,"26,315",NVIDIA GeForce RTX 4060,8,16,1TB,16.1,144Hz,1920x1080,1,1,0,EGYPTLAPTOP,https://egyptlaptop.com/laptops/hp-16-r0042ne-gaming-laptop-intel-core-i7-13700h-1tb-ssd-16-gb-ram-nvidia-geforce-rtx-4060-8-gb-16-1inch-fhd-mica-silver
Asus,TUF Gaming A15 FA507NVR-LP007W,"51,999",AMD Ryzen 7 7435HS,8,4.5,"23,314",NVIDIA GeForce RTX 4060,8,16,512GB,15.6,144Hz,1920x1080,1,1,1,Dream 2000,https://dream2000.com/en/asus-tuf-gaming-a15-fa507nvr-lp007w-ryzentm-7-7435hs-16gb-ram-512g-ssd-15-6-fhd-geforce-rtxtm-4060-win11-jaeger-gray.html
Asus,TUF Gaming F16 FX607VU-RL007W,"51,499",Intel Core i7 13620H,10,4.9,"24,111",NVIDIA GeForce RTX 4050,6,16,512GB,16,144Hz,1920x1200,1,1,1,EGYPTLAPTOP,https://egyptlaptop.com/laptops/asus-tuf-gaming-f16-fx607vu-rl007w-gaming-laptop-intel-core-i7-13620h-512gb-ssd-16gb-ram-nvidia-geforce-rtx-4050-6gb-16-inch-fhd-win-11-mecha-gray
Asus,TUF A15 FA507NUR-LP007W,"51,499",AMD Ryzen 7 7435HS,8,4.5,"23,314",NVIDIA GeForce RTX 4050,6,16,512GB,15.6,144Hz,1920x1080,0,0,1,B.TECH,https://beta.btech.com/en/p/asus-tuf-a15-fa507nur-lp007w-gaming-laptop-15-6-inch-144hz-fhd-jaeger-gray/f0e6e71c-86a3-4bb0-87fd-b97d08c1a93c
HP,Victus,"50,999",Intel Core i7 13700H,14,5,"26,315",NVIDIA GeForce RTX 4050,6,16,512GB,15.6,144Hz,1920x1080,1,1,1,Dream 2000,https://dream2000.com/en/hp-victus-gaming-laptopintelr-coretm-i7-13700h-16gb-ram-512gb-ssd-nvidiar-geforce-rtxtm-4050-6gb-15-6-fhd-win11-15-fa1109ne-performance-blue.html
Lenovo,LOQ 15IRX9,"50,999",Intel Core i7 13650HX,14,4.9,"30,649",NVIDIA GeForce RTX 4060,8,24,512GB,15.6,144Hz,1920x1080,1,1,0,EGYPTLAPTOP,https://egyptlaptop.com/laptops/lenovo-loq-15irx9-gaming-laptop-intel-core-i7-13650hx-512gb-ssd-24gb-ram-nvidia-geforce-rtx-4060-8gb-15-6-inch-fhd
HP,Victus 15-fa1111ne,"49,999",Intel Core i7 13700H,14,5,"26,315",NVIDIA GeForce RTX 4050,6,16,512GB,15.6,144Hz,1920x1080,1,1,1,Dream 2000,https://dream2000.com/en/hp-victus-gaming-laptop-intelr-coretm-i7-13700h-16gb-ram-512gb-ssd-nvidiar-geforce-rtxtm-4050-15-6-fhd-win-11-15-fa1111ne-mica-silver.html
HP,Victus 16-r0046ne 81Q01EA,"49,999",Intel Core i7 13700H,14,5,"26,315",NVIDIA GeForce RTX 4050,6,16,1TB,16.1,144Hz,1920x1080,1,1,0,RAYA,https://www.rayashop.com/en/hp-victus-16-r0046ne-gaming-laptop-intel-core-i7-13700h-processor-161-inch-fhd-display-1-tb-ssd-16-gb-ram-ddr5-nvidia-geforce-rtx-4050-6-gb-graphics-dos-blue-81q01ea-7
ASUS,TUF Gaming F15 FX507VU-LP163W,"49,999",Intel Core i7 13620H,10,4.9,"24,111",NVIDIA GeForce RTX 4050,6,16,512GB,15.6,144Hz,1920x1080,1,2,1,RAYA,https://www.rayashop.com/en/asus-tuf-gaming-f15-fx507vu-lp163w-laptop-intel-core-i7-13620h-processor-15-6-inch-fhd-display-512-gb-ssd-16-gb-ram-ddr5-nvidia-geforce-rtx-4050-6-gb-graphics-win11-jaeger-grey-90nr0cj8-m00al0
Gigabyte,G6X 9KG,"49,999.00",Intel Core i7 13650HX,14,4.9,"30,649",NVIDIA GeForce RTX 4060,8,16,512GB,16,165Hz,1920x1200,1,2,0,compuscience,https://compuscience.com.eg/en/laptop/4024-2579-gigabyte-g6x-9kg-intel-core-i7-13650hx-16gb-ddr5-ssd-512gb-rtx-4060-8gb-16-inch-165hz.html#/72-payment_plan-cash
Msi,Thin A15 B7V,"49,999",AMD Ryzen 7 7735HS,8,4.75,"23,105",NVIDIA GeForce RTX 4060,8,16,512GB,15.6,144Hz,1920x1080,1,1,1,Dream 2000,https://dream2000.com/en/msi-thin-a15-b7v-gaming-laptop-amd-ryzentm-7-7735hs-16gb-ram-512gb-ssd-geforce-rtxtm-4060-8gb-15-6-fhd-144hz-win11-cosmos-gray.html
HP,Victus 15-FA1097NE,"48,888",Intel Core i7 13700H,14,5,"26,315",NVIDIA GeForce RTX 4050,6,16,512GB,15.6,144Hz,1920x1080,1,1,0,EGYPTLAPTOP,https://egyptlaptop.com/laptops/hp-victus-15-fa1097ne-gaming-laptop-intel-core-i7-13700h-512gb-ssd-16gb-ram-nvidia-geforce-rtx-4050-6gb-15-6-inch-fhd-mica-silver
HP,Victus 15-fa1007ne,"47,999",Intel Core i7 13700H,14,5,"26,315",NVIDIA GeForce RTX 3050,6,16,512GB,15.6,144Hz,1920x1080,1,1,1,Dream 2000,https://dream2000.com/en/hp-victus-gaming-laptop-intelr-coretm-i7-13700h-16gb-ram-512gb-nvidia-geforce-rtx-3050-6gb-15-6-fhd-win-11-15-fa1007ne-mica-silver.html
HP,Victus 15-fa1109ne 9S7R2EA,"47,999",Intel Core i7 13700H,14,5,"26,315",NVIDIA GeForce RTX 4060,6,16,512GB,15.6,60Hz,1920x1080,1,1,1,2B,https://2b.com.eg/en/hp-victus-15-fa1109ne-laptop-intelr-core-i7-13700h-16gb-512gb-ssd-nvidiar-geforce-rtx-3050-6gb-15-6-fhd-win11-blue.html
HP,Victus 15-fa1111ne 9U5Y8EA#ABV,"47,899",Intel Core i7 13700H,14,5,"26,315",NVIDIA GeForce RTX 4060,6,16,512GB,15.6,144Hz,1920x1080,1,1,1,2B,https://2b.com.eg/en/hp-victus-15-fa1111ne-laptop-intelr-core-i7-13700h-16gb-512gb-ssd-nvidiar-geforcer-rtx-4050-6gb-15-6-fhd-144hz-win11-mica-silver.html
Lenovo,LOQ 15IRX9 83DV008PED,"47,600.00",Intel Core i7 13650HX,14,4.9,"30,649",NVIDIA GeForce RTX 4050,6,16,512GB,15.6,144Hz,1920x1080,1,2,0,TECHNOLOGYVALLEY,https://tv-it.com/products/lenovo-loq-15irx9-gaming-laptop-83dv008ped
HP,Victus 15-fa1111ne 9U5Y8EA,"47,499",Intel Core i7 13700H,14,5,"26,315",NVIDIA GeForce RTX 4050,6,16,512GB,15.6,144Hz,1920x1080,0,0,1,B.TECH,https://beta.btech.com/en/p/hp-victus-15-fa1111ne-9u5y8ea-gaming-laptop-15-6-inch-fhd-144hz-mica-silver/5f1908c0-1c15-4ae6-8504-a445ee76ba17
HP,Victus 15-fa1109ne 9S7R2EA,"47,499",Intel Core i7 13700H,14,5,"26,315",NVIDIA GeForce RTX 4050,6,16,512GB,15.6,144Hz,1920x1080,0,0,1,B.TECH,https://beta.btech.com/en/p/hp-victus-15-fa1109ne-9s7r2ea-gaming-laptop-15-6-inch-fhd-144-hz-performance-blue/a6bd73d6-6e81-42fe-b85b-fe3be3501249
MSI,Cyborg 15 A13VF,"47,499.00",Intel Core i7 13620H,10,4.9,"24,111",NVIDIA GeForce RTX 4060,8,16,512GB,15.6,144Hz,1920x1080,1,2,0,compuscience,https://compuscience.com.eg/en/laptop/4442-3377-msi-cyborg-15-a13vf-i7-13620h-16gb-ram-512-ssd-rtx4060-ddr6-8gb-156-inch-fhd-144hz.html#/72-payment_plan-cash
MSI,Cyborg 15 A13VF,"47,499",Intel Core i7 13620H,10,4.9,"24,111",NVIDIA GeForce RTX 4060,8,16,512GB,15.6,144Hz,1920x1080,1,2,0,EGYPTLAPTOP,https://egyptlaptop.com/laptops/msi-cyborg-15-a13vf-intel-core-i7-13620h-512gb-ssd-16gb-ram-nvidia-geforce-rtx-4060-8gb-15-6-inch-fhd
MSI,Cyborg 15 A13VF-882XEG,"47,499",Intel Core i7 13620H,10,4.9,"24,111",NVIDIA GeForce RTX 4060,8,16,512GB,15.6,144Hz,1920x1080,1,2,1,kimostore,https://kimostore.net/products/msi-cyborg-15-a13vf-882xeg-laptop-intel-core-i7-13620h-16gb-ram-m-2-nvme-512gb-nvidia-rtx-4060-8gb-15-6-inch-fhd-ips-144hz-win11-black?_pos=21&_fid=80ebf0845&_ss=c
HP,Pavilion Gaming 15-DK2110NE,"47,444",Intel Core i7 11370H,4,4.8,"11,583",NVIDIA GeForce RTX 3050 Ti,4,16,1TB,15.6,144Hz,1920x1080,1,1,1,kimostore,https://kimostore.net/products/hp-pavilion-gaming-15-dk2110ne-laptop-intel-core-i7-11370h-16gb-ram-m-2-nvme-1tb-nvidia-rtx-3050-ti-4gb-15-6-inch-fhd-ips-144hz-win11?_pos=6&_fid=80ebf0845&_ss=c
MSI,Cyborg 15 A13VF 9S7-15K111-882,"47,000.00",Intel Core i7 13620H,10,4.9,"24,111",NVIDIA GeForce RTX 4060,8,16,512GB,15.6,144Hz,1920x1080,0,0,0,TECHNOLOGYVALLEY,https://tv-it.com/products/msi-cyborg-15-a13vf-gaming-laptop-9s7-15k111-882
Lenovo,LOQ 15IRX9 83DV008QED,"46,999",Intel Core i5 13650HX,14,4.9,"30,649",NVIDIA GeForce RTX 3050,6,16,512GB,15.6,144Hz,1920x1080,1,1,1,Dream 2000,https://dream2000.com/en/lenovo-83dv008qed-loq-15irx9-intelr-coretm-i7-13650hx-ram-16gb-512gb-ssd-nvidiarrtx3050-15-6-fhd-luna-grey.html
HP,Victus 15-FA1097NE,"46,999",Intel Core i7 13700H,14,5,"26,315",NVIDIA GeForce RTX 4050,6,16,512GB,15.6,144Hz,1920x1080,1,1,0,kimostore,https://kimostore.net/products/hp-victus-15-fa1097ne-gaming-laptop-intel-core-i7-13700h-16gb-ram-m-2-nvme-512gb-nvidia-rtx-4050-6gb-15-6-inch-fhd-ips-144hz-silver?_pos=13&_fid=80ebf0845&_ss=c
Lenovo,LOQ 15IRX9 83DV008QED,"46,899",Intel Core i7 13650HX,14,4.9,"30,649",NVIDIA GeForce RTX 3060,6,16,512GB,15.6,,1920x1080,1,2,0,2B,https://2b.com.eg/en/lenovo-loq-15irx9-laptop-intelr-coretm-i7-13650hx-16gb-512gb-ssd-nvidiar-geforce-rtxtm-3050-6gb-15-6-fhd-luna-grey.html
ASUS,TUF Gaming F15 FX507VU-LP163W,"46,666",Intel Core i7 13620H,10,4.9,"24,111",NVIDIA GeForce RTX 4050,6,16,512GB,15.6,144Hz,1920x1080,1,1,1,EGYPTLAPTOP,https://egyptlaptop.com/laptops/asus-tuf-gaming-f15-fx507vu-lp163w-gaming-laptop-intel-core-i7-13620h-512gb-ssd-16gb-ram-nvidia-geforce-rtx-4050-6gb-15-6-inch-fhd-win-11-gray
Lenovo,LOQ 15IRX9 83DV00AVED,"46,499",Intel Core i7 13650HX,14,4.9,"30,649",NVIDIA GeForce RTX 3050,6,16,512GB,15.6,144Hz,1920x1080,0,0,0,B.TECH,https://beta.btech.com/en/p/lenovo-loq-15irx9-gaming-laptop-15-6-inch-144hz-fhd-luna-grey/1e16446b-d162-4257-84af-505793a5cb32
Asus,TUF Gaming W11 FA507NUR-LP007W,"46,449",AMD Ryzen 7 7435HS,8,4.5,"23,314",NVIDIA GeForce RTX 4050,6,16,512GB,15.6,144Hz,1920x1080,0,0,1,B.TECH,https://beta.btech.com/en/p/asus-tuf-gaming-w11-fa507nur-lp007w-laptop-15-6-inch-144hz-fhd-display-jaeger-gray/82379a6b-8e52-4530-80dc-8ae69cb7f9d4
HP,Victus 16-E1011NE,"46,444",AMD Ryzen 7 6800H,8,4.7,"23,001",NVIDIA GeForce RTX 3050,4,16,512GB,16.1,144Hz,1920x1080,1,1,0,kimostore,https://kimostore.net/products/hp-victus-16-e1011ne-gaming-laptop-amd-ryzen-7-6800h-16gb-ram-m-2-nvme-512gb-nvidia-rtx-3050-4gb-16-1-inch-fhd-ips-144hz-performance-blue?_pos=1&_fid=80ebf0845&_ss=c
HP,Victus 16-E1012NE,"46,444",AMD Ryzen 7 6800H,8,4.7,"23,001",NVIDIA GeForce RTX 3050,4,16,512GB,16.1,144Hz,1920x1200,1,1,0,kimostore,https://kimostore.net/products/hp-victus-16-e1012ne-gaming-laptop-amd-ryzen-7-6800h-16gb-ram-m-2-nvme-512gb-nvidia-rtx-3050-4gb-16-1-inch-fhd-ips-144hz-mica-silver?_pos=2&_fid=80ebf0845&_ss=c
ASUS,Vivobook S 14 Flip TP3402VA-EG009W,"46,000",Intel Core i9 13900H,14,5.4,"27,597",Intel UHD Graphics,0,16,512GB,14,60Hz,1920x1200,1,1,1,kimostore,https://kimostore.net/products/asus-vivobook-s-14-flip-tp3402va-eg009w-laptop-intel-core-i9-13900h-16gb-ram-m-2-nvme-1tb-intel-uhd-graphics-14-0-inch-wuxga-ips-60hz-win11?_pos=4&_fid=80ebf0845&_ss=c
HP,Victus 15-fa1006ne,"46,000",Intel Core i7 13700H,14,5,"26,315",NVIDIA GeForce RTX 3050,6,16,512GB,15.6,144Hz,1920x1080,1,1,1,Dream 2000,https://dream2000.com/en/hp-victus-gaming-laptop-intelr-coretm-i7-13700h-16gb-ram-512gb-ssd-nvidiar-geforce-rtxtm-3050-6gb-15-6-fhd-win-11-15-fa1006ne-performance-blue.html
Asus,TUF F15 FX507VU-LP163W 90NR0CJ8-M00AL0,"46,000.00",Intel Core i7 13620H,10,4.9,"24,111",NVIDIA GeForce RTX 4050,6,16,512GB,15.6,144Hz,1920x1080,1,1,1,TECHNOLOGYVALLEY,https://tv-it.com/products/laptop-asus-tuf-gamimg-fx507vu-lp163w
HP,Victus 15-fa1006ne,"45,999",Intel Core i7 13700H,14,5,"26,315",NVIDIA GeForce RTX 3060,6,16,512GB,15.6,144Hz,1920x1080,1,1,1,2B,https://2b.com.eg/en/offer/hp-victus-15-fa1006ne-laptop-intelr-coretm-i7-13700h-16gb-512gb-ssd-nvidiar-geforce-rtx-3050-6gb-15-6-fhd-win11-blue.html
Lenovo,LOQ 15IRX9,"45,999",Intel Core i7 13650HX,14,4.9,"30,649",NVIDIA GeForce RTX 4050,6,16,512GB,15.6,144Hz,1920x1080,1,0,0,EGYPTLAPTOP,https://egyptlaptop.com/laptops/lenovo-loq-15irx9-intel-core-i7-13650hx-512gb-ssd-16gb-ram-nvidia-geforce-rtx-4050-6gb-15-6-inch-fhd
Asus,Tuf Gaming A15 FA507NUR-LP007W,"45,999",AMD Ryzen 7 7435HS,8,4.5,"23,314",NVIDIA GeForce RTX 4050,6,16,512GB,15.6,144Hz,1920x1080,1,1,1,Dream 2000,https://dream2000.com/en/asus-tuf-gaming-a15-fa507nur-lp007w-gaming-laptop-amd-ryzentm-7-7435hs-16gb-ram-512gb-ssd-nvidiar-geforce-rtxtm-4050-6gb-15-6-fhd-144hz-win11-jaeger-gray.html
ASUS,TUF Gaming A15 FA507NUR-LP007W,"45,999",AMD Ryzen 7 7435HS,8,4.5,"23,314",NVIDIA GeForce RTX 4050,6,16,512GB,15.6,60Hz,1920x1080,1,1,1,RAYA,https://www.rayashop.com/en/asus-tuf-gaming-a15-fa507nur-lp007w-laptop-amd-ryzen-7-7435hs-processor-156-inch-fhd-display-512-gb-ssd-16-gb-ram-ddr5-nvidia-geforce-rtx-4050-6-gb-graphics-win11-grey-90nr0jp8-m001k0-zu-29-2-2b-1
MSI,Thin 15 A B7VF 9S7-16RK11-422,"45,599",AMD Ryzen 7 7735HS,8,4.75,"23,105",NVIDIA GeForce RTX 4060,8,16,512GB,15.6,144Hz,1920x1080,1,2,0,2B,https://2b.com.eg/en/msi-thin-15-a-b7vf-laptop-amd-r7-7735hs-16gb-512gb-ssd-nvidiar-geforce-rtx-4060-8gb-15-6-fhd-144hz-gray.html
MSI,Thin A15 B7VF 9S7-16RK11-422,"45,599",AMD Ryzen 7 7735HS,8,4.75,"23,105",NVIDIA GeForce RTX 4060,8,16,512GB,15.6,144Hz,1920x1080,1,2,0,RAYA,https://www.rayashop.com/en/msi-thin-a15-b7vf-gaming-laptop-amd-ryzen-7-7735hs-processor-156-inch-fhd-display-512-gb-ssd-16-gb-ram-ddr5-nvidia-geforce-rtx-4060-8-gb-graphics-dos-black-9s7-16rk11-422-2
HP,Victus 15-fa1007ne 7Q771EA#ABV,"45,499",Intel Core i7 13700H,14,5,"26,315",NVIDIA GeForce RTX 3050,6,16,512GB,15.6,144Hz,1920x1080,1,1,1,2B,https://2b.com.eg/en/hp-victus-15-fa1007ne-laptop-intelr-core-i7-13700h-16gb-512gb-ssd-nvidiar-geforcer-rtx-3050-6gb-15-6-fhd-144hz-win11-mica-silver.html
Lenovo,Ideapad Slim 5 16IMH9 83DC003UED,"45,399",Intel Core Ultra 7 155H,16,4.8,"24,822",Intel Arc Graphics,0,16,512GB,16,60Hz,1920x1200,1,1,1,Dream 2000,https://dream2000.com/en/lenovo-ideapad-slim-5-16imh9-83dc003ued-intelr-coretm-ultra-7-155h-16gb-ram-512gb-ssd-intelr-arc-graphics-16-wuxga-win11-cloud-grey.html
Lenovo,LOQ 15IRX9,"44,999",Intel Core i7 13650HX,14,4.9,"30,649",NVIDIA GeForce RTX 4050,6,24,512GB,15.6,144Hz,1920x1080,1,1,0,kimostore,https://kimostore.net/products/lenovo-loq-15irx9-laptop-intel-core-i7-13650hx-24gb-ram-m-2-nvme-512gb-nvidia-rtx-4050-6gb-15-6-inch-fhd-ips-144hz-luna-grey?_pos=8&_fid=80ebf0845&_ss=c
Lenovo,LOQ 15IRX9,"44,899",Intel Core i7 13650HX,14,4.9,"30,649",NVIDIA GeForce RTX 3050,6,24,512GB,15.6,144Hz,1920x1080,0,0,0,EGYPTLAPTOP,https://egyptlaptop.com/laptops/lenovo-loq-15irx9-gaming-laptop-intel-core-i7-13650hx-512gb-ssd-24gb-ram-nvidia-geforce-rtx-3050-6gb-15-6-inch-fhd-grey
Acer,Nitro V15 ANV15-51-767G,"44,399",Intel Core i7 13620H,10,4.9,"24,111",NVIDIA GeForce RTX 3050,6,16,512GB,15.6,60Hz,1920x1080,1,2,1,2B,https://2b.com.eg/en/acer-nitro-v15-anv15-51-767g-laptop-intelr-coretm-i7-13620h-16gb-512gb-ssd-nvidiar-geforcer-rtx-3050-6gb-15-6-fhd-win11-finger-print-black.html
HP,Victus 15-FA1038NE,"43,999",Intel Core i7 13700H,14,5,"26,315",NVIDIA GeForce RTX 3050,6,8,512GB,15.6,144Hz,1920x1080,1,1,0,kimostore,https://kimostore.net/products/hp-victus-15-fa1038ne-gaming-laptop-intel-core-i7-13700h-8gb-ram-m-2-nvme-512gb-nvidia-rtx-3050-6gb-15-6-inch-fhd-ips-144hz-performance-blue?_pos=24&_fid=80ebf0845&_ss=c
Dell,G15-5530,"43,999",Intel Core i5 13450HX,10,4.6,"25,038",NVIDIA GeForce RTX 3050,6,16,512GB,15.6,120Hz,1920x1080,1,1,1,Dream 2000,https://dream2000.com/en/dell-g15-5530-i5-13450hx-intelr-coretm-i5-13450hx-16gb-ram-512ssd-rtx-3050-15-6-inch-fhd-gray.html
Dell,G15 5530,"43,999",Intel Core i5 13450HX,10,4.6,"25,038",NVIDIA GeForce RTX 3050,6,16,512GB,15.6,120Hz,1920x1080,1,1,0,RAYA,https://www.rayashop.com/en/dell-g15-5530-gaming-laptop-intel-core-i5-13450hx-processor-156-inch-fhd-display-512-gb-ssd-16-gb-ram-ddr5-nvidia-geforce-rtx-3050-6-gb-graphics-ubuntu-grey-1
Lenovo,LOQ Essential 15IAX9E 83LK0061ED,"43,799",Intel Core i7 12650HX,14,4.7,"22,526",NVIDIA GeForce RTX 4050,6,16,512GB,15.6,144Hz,1920x1080,1,2,0,2B,https://2b.com.eg/en/lenovo-loq-e-15iax9e-laptop-intelr-coretm-i7-12650hx-16gb-512gb-ssd-nvidiar-geforce-rtx-4050-6gb-15-6-fhd-win11-grey.html
Hp,Victus Gaming 15-FA1038NE,"43,000",Intel Core i7 13700H,14,5,"26,315",NVIDIA GeForce RTX 3050,6,8,512GB,15.6,144Hz,1920x1080,1,1,1,Dream 2000,https://dream2000.com/en/hp-victus-gaming-15-fa1038ne-intelr-coretm-i7-13700h-8gb-ram-512gb-rtx3050-15-6-fhd-blue.html
Hp,Victus Gaming 15-fa1039ne,"43,000",Intel Core i7 13700H,14,5,"26,315",NVIDIA GeForce RTX 3050,6,8,512GB,15.6,144Hz,1920x1080,1,1,1,Dream 2000,https://dream2000.com/en/hp-victus-gaming-15-fa1039ne-intelr-coretm-i7-13700h-8gb-ram-512gb-rtx3050-15-6-fhd-mica-silver.html
ASUS,TUF F16 FX607VU-RL805W,"42,500",Intel Core 5 210H,8,4.8,"19,076",NVIDIA GeForce RTX 4050,6,8,512GB,16,144Hz,1920x1200,1,1,1,Dream 2000,https://dream2000.com/en/asus-tuf-f16-gaming-laptop-intelr-coretm-5-210h-8gb-ram-512gb-ssd-nvidiar-geforce-rtxtm-4050-16-0-fhd-win11-fx607vu-rl805w-mecha-gray.html
HP,Victus 15-FA1021NIA,"42,444",Intel Core i7 13700H,14,5,"26,315",NVIDIA GeForce RTX 3050,6,16,512GB,15.6,144Hz,1920x1080,1,1,0,kimostore,https://kimostore.net/products/hp-victus-15-fa1021nia-gaming-laptop-intel-core-i7-13700h-8gb-ram-m-2-nvme-512gb-nvidia-rtx-3050-6gb-15-6-inch-fhd-ips-144hz-mica-silver?_pos=27&_fid=1f76ba906&_ss=c
Hp,Pavilion x360,"42,399",Intel Core i7 1355U,10,5,"14,247",Intel Iris XE Graphics,0,16,512GB,14,60Hz,1920x1080,0,0,1,B.TECH,https://beta.btech.com/en/p/hp-pavilion-x360-2in1-laptop-14-inch-fhd-display-natural-silver/50649316-7854-4d90-8e6c-814b70d566ac
Lenovo,LOQ 15IRX9 83DV010KED,"41,999.00",Intel Core i7 13650HX,14,4.9,"30,649",NVIDIA GeForce RTX 3050,6,24,512GB,15.6,144Hz,1920x1080,1,2,0,TECHNOLOGYVALLEY,https://tv-it.com/products/lenovo-loq-15irx9-gaming-laptop-83dv010ked
MSI,Thin 15 B13VE,"41,999",Intel Core i7 13620H,10,4.9,"24,111",NVIDIA GeForce RTX 4050,6,16,512GB,15.6,144Hz,1920x1080,1,1,1,Dream 2000,https://dream2000.com/en/msi-thin-15-b13ve-gaming-laptop-intelr-coretm-i7-13620h-16gb-ram-512gb-ssd-nvidiar-geforce-rtxtm-4050-6gb-15-6-fhd-cosmos-grey.html
Lenovo,LOQ 15IRX9,"41,499",Intel Core i7 13650HX,14,4.9,"30,649",NVIDIA GeForce RTX 3050,6,16,512GB,15.6,144Hz,1920x1080,1,0,0,EGYPTLAPTOP,https://egyptlaptop.com/laptops/lenovo-loq-15irx9-intel-core-i7-13650hx-512gb-ssd-16gb-ram-nvidia-geforce-rtx-3050-6gb-15-6-inch-fhd
Lenovo,LOQ 15IRX9 83DV012HED,"40,999",Intel Core i5 13450HX,10,4.6,"25,038",NVIDIA GeForce RTX 3050,6,24,512GB,15.6,144Hz,1920x1080,1,1,1,Dream 2000,https://dream2000.com/en/lenovo-loq-15irx9-gaming-laptop-intelr-coretm-i5-13450hx-24gb-512gb-ssd-nvidiar-geforce-rtxtm-3050-6gb-15-6-fhd-83dv012hed-luna-grey.html
ASUS,V16 V3607VJ-RP007W 90NB15V1-M007B0,"40,999.00",Intel Core 7 240H,10,5.2,"24,908",NVIDIA GeForce RTX 3050,6,16,512GB,16,144Hz,1920x1200,1,1,1,TECHNOLOGYVALLEY,https://tv-it.com/products/asus-v16-v3607vj-rp007w-laptop
ASUS,TUF F16 2024 FX607VJ-RL165W,"40,999",Intel Core 5 210H,8,4.8,"19,076",NVIDIA GeForce RTX 3050,6,16,512GB,16,165Hz,1920x1200,0,0,1,B.TECH,https://beta.btech.com/en/p/asus-tuf-f16-2024-fx607vj-rl165w-gaming-laptop-16-inch-wuxga-ips-mecha-grey/c03fc6fc-2f51-43c0-b85d-e798e93b1eab
Lenovo,LOQ 15IRX9 83DV00FYUS,"40,999",Intel Core i5 13450HX,10,4.6,"25,038",NVIDIA GeForce RTX 4050,6,12,512GB,15.6,144Hz,1920x1080,1,1,1,RAYA,https://www.rayashop.com/en/lenovo-loq-15irx9-gaming-laptop-intel-core-i5-13450hx-processor-156-inch-fhd-display-512-gb-ssd-12-gb-ram-ddr5-nvidia-geforce-rtx-4050-6-gb-graphics-win11-home-luna-grey-83dv00fyus-83dv00fyus
Lenovo,LOQ 15IRX9 83DV012HED,"40,699",Intel Core i5 13450HX,10,4.6,"25,038",NVIDIA GeForce RTX 3050,6,24,512GB,15.6,144Hz,1920x1080,1,2,0,2B,https://2b.com.eg/en/lenovo-loq-15irx9-laptop-intelr-coretm-i5-13450hx-24gb-512gb-ssd-nvidiar-geforce-rtx-3050-6gb-15-6-fhd-144hz-luna-grey.html
ASUS,TUF Gaming F16 FX607VU-RL805W 90NR0N06-M008L0,"40,600.00",Intel Core 5 210H,8,4.8,"19,076",NVIDIA GeForce RTX 4050,6,8,512GB,16,144Hz,1920x1200,1,1,1,TECHNOLOGYVALLEY,https://tv-it.com/products/asus-tuf-gaming-f16-fx607vu-rl805w-gaming-laptop-90nr0n06-m008l0
Lenovo,LOQ 15IRX9,"40,399",Intel Core i7 13650HX,14,4.9,"30,649",NVIDIA GeForce RTX 3050,6,24,512GB,15.6,144Hz,1920x1080,1,2,0,kimostore,https://kimostore.net/products/lenovo-loq-15irx9-laptop-intel-core-i7-13650hx-24gb-ram-m-2-nvme-512gb-nvidia-rtx-3050-6gb-15-6-inch-fhd-ips-144hz-cam-luna-grey?_pos=10&_fid=80ebf0845&_ss=c
Lenovo,LOQ 15IRX9,"39,999.00",Intel Core i7 13650HX,14,4.9,"30,649",NVIDIA GeForce RTX 3050,6,16,512GB,15.6,144Hz,1920x1080,1,1,0,compuscience,https://compuscience.com.eg/en/laptop/3660-1485-lenovo-loq-15irx9-intel-core-i7-13650hx-16gb-ssd-512-gb-rtx-3050-6gb-156-fhd-144hz-luna-grey.html#/72-payment_plan-cash
Lenovo,LOQ 15IRX9 83DV008QED,"39,999.00",Intel Core i7 13650HX,14,4.9,"30,649",NVIDIA GeForce RTX 3050,6,16,512GB,15.6,144Hz,1920x1080,1,2,0,TECHNOLOGYVALLEY,https://tv-it.com/products/lenovo-loq-15irx9-gaming-laptop-83dv008qed
ASUS,TUF Gaming V16 V3607VJ-RP007W,"39,999",Intel Core 7 240H,10,5.2,"24,908",NVIDIA GeForce RTX 3050,6,16,512GB,16,144Hz,1920x1200,1,1,1,kimostore,https://kimostore.net/products/asus-tuf-gaming-v16-v3607vj-rp007w-laptop-intel-core-7-240h-16gb-ram-m-2-nvme-512gb-nvidia-rtx-3050-6gb-16-0-inch-fhd-ips-win11?_pos=15&_fid=80ebf0845&_ss=c
HP,Victus 16-R1029NIA,"39,999",Intel Core i5 14450HX,10,4.8,"24,122",NVIDIA GeForce RTX 3050,6,16,1TB,16.1,144Hz,1920x1080,1,1,0,kimostore,https://kimostore.net/products/hp-victus-16-r1029nia-gaming-laptop-intel-core-i5-14450hx-16gb-ram-m-2-1tb-nvidia-geforce-rtx-3050-6gb-16-1-inch-fhd-ips-144hz?_pos=16&_fid=80ebf0845&_ss=c
HP,Victus 16-R1032NIA,"39,999",Intel Core i5 14450HX,10,4.8,"24,122",NVIDIA GeForce RTX 3050,6,16,1TB,16.1,144Hz,1920x1080,1,1,0,kimostore,https://kimostore.net/products/hp-victus-16-r1032nia-gaming-laptop-intel-core-i5-14450hx-16gb-ram-ssd-1tb-nvidia-geforce-rtx-3050-6gb-16-1-inch-fhd-ips-144hz-silver?_pos=30&_fid=1f76ba906&_ss=c
ASUS,TUF Gaming F16 FX607VJ-RL165W,"39,999",Intel Core 5 210H,8,4.8,"19,076",NVIDIA GeForce RTX 3050,6,16,512GB,16,144Hz,2560x1600,1,1,1,kimostore,https://kimostore.net/products/asus-tuf-gaming-f16-fx607vj-rl165w-laptop-intel-core-5-210h-16gb-ram-m-2-nvme-512gb-nvidia-rtx-3050-6gb-16-0-inch-fhd-ips-win11?_pos=33&_fid=1f76ba906&_ss=c
Acer,Nitro V15 ANV15-51-58PQ,"39,899",Intel Core i5 13420H,8,4.6,"17,401",NVIDIA GeForce RTX 3050,6,16,512GB,15.6,60Hz,1920x1080,1,2,1,2B,https://2b.com.eg/en/acer-nitro-v15-anv15-51-58pq-laptop-intelr-coretm-i5-13420h-16gb-512gb-ssd-nvidiar-geforcer-rtx-3050-6gb-15-6-fhd-win11-finger-print-black.html
Acer,Nitro V 15 ANV15-51-767G NH.QNCEM.00M,"39,000.00",Intel Core i7 13620H,10,4.9,"24,111",NVIDIA GeForce RTX 3050,6,16,512GB,15.6,165Hz,1920x1080,1,2,1,TECHNOLOGYVALLEY,https://tv-it.com/products/acer-nitro-v-15-anv15-51-767g-laptop-nhqncem00m
HP,Victus 15-FA0025NR,"38,999",Intel Core i5 12500H,12,4.5,"20,584",NVIDIA GeForce RTX 3050,4,8,512GB,15.6,60Hz,1920x1080,1,1,1,2B,https://2b.com.eg/en/hp-victus-15-fa0025nr-laptop-intelr-core-i5-12500h-8gb-512gb-ssd-nvidiar-geforcer-rtx-3050-4gb-15-6-fhd-win11-mica-silver.html
Lenovo,ThinkPad E16 Gen 1,"38,888",Intel Core I7 1355U,10,5,"14,247",Intel UHD Graphics,0,8,512GB,16,60Hz,1920x1200,1,1,0,EGYPTLAPTOP,https://egyptlaptop.com/laptops/lenovo-thinkpad-e16-gen-1-intel-core-i7-1355u-512gb-ssd-8gb-ram-intel-uhd-graphics-16-inch-wuxga-graphite-black
HP,Victus 15-FA1043NE,"38,888",Intel Core i5 13500H,12,4.7,"21,271",NVIDIA GeForce RTX 3050,4,8,512GB,15.6,144Hz,1920x1080,1,1,0,EGYPTLAPTOP,https://egyptlaptop.com/laptops/hp-victus-15-fa1043ne-intel-core-i5-13500h-512gb-ssd-8gb-ram-nvidia-geforce-rtx-3050-6gb-15-6-inch-fhd
HP,Victus 15-FA1082WM,"38,888",Intel Core i5 13420H,8,4.6,"17,401",NVIDIA GeForce RTX 4050,6,16,512GB,15.6,144Hz,1920x1080,1,1,1,EGYPTLAPTOP,https://egyptlaptop.com/laptops/hp-victus-15-fa1082wm-gaming-laptop-intel-core-i5-13420h-512gb-ssd-16gb-ram-nvidia-geforce-rtx-4050-6gb-15-6-inch-fhd-win-11-mica-silver
MSI,Thin 15 B13VE 9S7-16R831-2614,"38,699",Intel Core i7 13620H,10,4.9,"24,111",NVIDIA GeForce RTX 4050,6,16,512GB,15.6,144Hz,1920x1080,1,1,0,2B,https://2b.com.eg/en/msi-thin-15-b13ve-laptop-intelr-coretm-i7-13620h-16gb-512gb-ssd-nvidiar-geforce-rtxtm-4050-6gb-15-6-fhd-144hz-cosmos-gray.html
MSI,Thin 15 B13VE,"38,699",Intel Core i7 13620H,10,4.9,"24,111",NVIDIA GeForce RTX 4050,6,16,512GB,15.6,144Hz,1920x1080,1,2,0,EGYPTLAPTOP,https://egyptlaptop.com/laptops/msi-thin-15-b13ve-gaming-laptop-intel-core-i7-13620h-512gb-ssd-16gb-ram-nvidia-geforce-rtx-4050-15-6-fhd-cosmos-grey
MSI,Thin 15 B13VE 9S7-16R831-2614,"38,699.00",Intel Core i7 13620H,10,4.9,"24,111",NVIDIA GeForce RTX 4050,6,16,512GB,15.6,144Hz,1920x1080,0,0,0,TECHNOLOGYVALLEY,https://tv-it.com/products/msi-thin-15-b13ve-gaming-laptop-9s7-16r831-2614
MSI,Thin A15 B7VE 9S7-16RK11-423,"38,399",AMD Ryzen 7 7735HS,8,4.75,"23,105",NVIDIA GeForce RTX 4050,6,16,512GB,15.6,144Hz,1920x1080,1,2,0,RAYA,https://www.rayashop.com/en/msi-thin-a15-b7ve-gaming-laptop-amd-ryzen-7-7735hs-processor-156-inch-fhd-display-512-gb-ssd-16-gb-ram-ddr5-nvidia-geforce-rtx-4050-6-gb-graphics-dos-black-9s7-16rk11-423-3
Lenovo,LOQ Essential 83LK0071ED,"38,399",Intel Core i5 12450HX,8,4.4,"18,233",NVIDIA GeForce RTX 4050,6,16,512GB,15.6,144Hz,1920x1080,1,1,1,Dream 2000,https://dream2000.com/en/lenovo-loq-15iax9e-gaming-laptop-intelr-coretm-i5-12450hx-16gb-ram-512gb-ssd-rtx-4050-15-6-fhd-luna-grey.html
MSI,Thin 15 A B7VE,"37,999",AMD Ryzen 7 7735HS,8,4.75,"23,105",NVIDIA GeForce RTX 4050,6,16,512GB,15.6,144Hz,1920x1080,1,1,0,Dream 2000,https://dream2000.com/en/msi-thin-15-a-b7vf-laptop-ryzen-7-7735hs-16gb-ram-512gb-ssd-rtx-4050-6gb-15-6-fhd-144hz-cosmos-gray.html
HP,Victus 15-FA1041NE,"37,666",Intel Core i5 13500H,12,4.7,"21,271",NVIDIA GeForce RTX 3050,6,16,512GB,15.6,144Hz,1920x1080,1,1,0,EGYPTLAPTOP,https://egyptlaptop.com/laptops/hp-victus-15-fa1041ne-gaming-laptop-intel-core-i5-13500h-512gb-ssd-16gb-ram-nvida-geforce-rtx-3050-15-6-inch-fhd-performance-blue
MSI,Cyborg 15 A13UDX 9S7-15K111-1833,"37,500.00",Intel Core i7 13620H,10,4.9,"24,111",NVIDIA GeForce RTX 3050,6,16,512GB,15.6,144Hz,1920x1080,0,0,0,TECHNOLOGYVALLEY,https://tv-it.com/products/msi-cyborg-15-a13udx-gaming-laptop-9s7-15k111-1833
Asus,TUF Gaming F15 FX507ZC4-HN081W 90NR0GW1-M007L0,"37,500.00",Intel Core i5 12500H,12,4.5,"20,584",NVIDIA GeForce RTX 3050,4,8,512GB,15.6,144Hz,1920x1080,1,1,1,TECHNOLOGYVALLEY,https://tv-it.com/products/laptop-asus-fx507zc4-hn081w-ci5-12500h-8g-512gssd-nividia-geforce-rtx-3050-156-inch-fhd-144hz-win11
HP,Victus 15-FA1041NE,"37,399",Intel Core i5 13500H,12,4.7,"21,271",NVIDIA GeForce RTX 3050,6,8,512GB,15.6,144Hz,1920x1080,1,1,0,kimostore,https://kimostore.net/products/hp-victus-15-fa1041ne-gaming-laptop-intel-core-i5-13500h-8gb-ram-m-2-nvme-512gb-nvidia-rtx-3050-6gb-15-6-inch-fhd-ips-144hz-blue?_pos=11&_fid=80ebf0845&_ss=c
Lenovo,ThinkPad E16 Gen 1,"36,999",Intel Core i5 13420H,8,4.6,"17,401",Intel UHD Graphics,0,8,512GB,16,60Hz,1920x1200,1,1,0,EGYPTLAPTOP,https://egyptlaptop.com/laptops/lenovo-thinkpad-e16-gen-1-business-laptop-intel-core-i5-13420h-512gb-ssd-8gb-ram-intel-uhd-graphics-16-inch-wuxga-graphite-black
Lenovo,LOQ 15IAX9 83GS00RXED,"36,999",Intel Core i5 12600HX,12,4.6,"24,467",NVIDIA GeForce RTX 3050,6,12,512GB,15.6,144Hz,1920x1080,0,0,0,B.TECH,https://beta.btech.com/en/p/lenovo-loq-15iax9-83gs00rxed-laptop-15-6-inch-fhd-ips-display-luna-grey-with-m100-gaming-mouse/842bafb1-f634-4a0c-bac3-47f3299c20a3
Lenovo,LOQ 15IAX9,"36,999",Intel Core i5 12600HX,12,4.6,"24,467",NVIDIA GeForce RTX 3050,6,12,512GB,15.6,144Hz,1920x1080,1,1,1,Dream 2000,https://dream2000.com/en/lenovo-loq-15iax9-gaming-laptop-intelr-core-i5-12600hx-12gb-ram-512gb-ssd-nvidiar-geforce-rtxtm-3050-6gb-15-6-fhd-83gs00rxed-luna-grey.html
Asus,TUF Gaming A15 FA506NCR-HN007W,"36,999",AMD Ryzen 7 7435HS,8,4.5,"23,314",NVIDIA GeForce RTX 3050,4,8,512GB,15.6,144Hz,1920x1080,1,1,1,Dream 2000,https://dream2000.com/en/asus-tuf-gaming-a15-fa506ncr-hn007w-amd-ryzen-7-7435hs-8gb-ram-512gb-ssd-rtx-3050-4gb-15-6-fhd-win11-black.html
ASUS,TUF Gaming A15 FA506NCR-HN007W,"36,999",AMD Ryzen 7 7435HS,8,4.5,"23,314",NVIDIA GeForce RTX 3050,4,8,512GB,15.6,144Hz,1920x1080,1,1,1,RAYA,https://www.rayashop.com/en/asus-tuf-gaming-a15-fa506ncr-hn007w-gaming-laptop-amd-ryzen-7-7435hs-processor-156-inch-fhd-display-512-gb-ssd-8-gb-ram-ddr5-nvidia-geforce-rtx-3050-4-gb-graphics-win11-black-90nr0jv7-m001t0-21
Lenovo,Lenovo LOQ 15IAX9 83GS008NED,"36,999",Intel Core i5 12450HX,8,4.4,"18,233",NVIDIA GeForce RTX 3050,6,8,512GB,15.6,60Hz,1920x1080,1,2,0,2B,https://2b.com.eg/en/offer/lenovo-loq-15iax9-laptop-intelr-coretm-i5-12450hx-8gb-512gb-ssd-nvidiar-geforce-rtxtm-3050-6gb-15-6-fhd-luna-grey.html
Lenovo,LOQ 15IRX9,"36,777",Intel Core i5 13450HX,10,4.6,"25,038",NVIDIA GeForce RTX 3050,4,24,512GB,15.6,144Hz,1920x1080,1,2,0,EGYPTLAPTOP,https://egyptlaptop.com/laptops/lenovo-loq-15irx9-gaming-laptop-intel-core-i5-13450hx-512gb-ssd-24-ram-nvida-geforce-rtx-3050-6gb-15-6-inch-fhd-luna-grey
Lenovo,LOQ 15IRX9,"36,700",Intel Core i5 13450HX,10,4.6,"25,038",NVIDIA GeForce RTX 3050,6,24,512GB,15.6,144Hz,1920x1080,1,1,0,kimostore,https://kimostore.net/products/lenovo-loq-15irx9-laptop-intel-core-i5-13450hx-24gb-ram-ssd-512gb-nvidia-rtx-3050-6gb-15-6-inch-fhd-ips-144hz-cam-luna-grey?_pos=32&_fid=1f76ba906&_ss=c
Asus,TUF Gaming A15 2021 FA506NCR-HN007W,"36,699",AMD Ryzen 7 7435HS,8,4.5,"23,314",NVIDIA GeForce RTX 3050,4,8,512GB,15.6,144Hz,1920x1080,0,0,1,B.TECH,https://beta.btech.com/en/p/asus-tuf-gaming-a15-2021-laptop-15-6-inch-fhd-display-graphite-black/248e0225-3968-4606-bd86-01f69822c0da
HP,Victus 15-fa1162ne C0PQ3EA#ABV,"36,699",Intel Core i5 13420H,8,4.6,"17,401",NVIDIA GeForce RTX 3050,6,8,512GB,15.6,60Hz,1920x1080,1,1,1,2B,https://2b.com.eg/en/hp-victus-15-fa1162ne-intel-core-i5-13420h-8gb-ram-512gb-ssd-rtx-3050-6gb-15-6-fhd-ips-win11-mica-silver.html
Dell,G15 5530,"36,666",Intel Core i5 13450HX,10,4.6,"25,038",NVIDIA GeForce RTX 3050,6,16,512GB,15.6,120Hz,1920x1080,1,1,0,EGYPTLAPTOP,https://egyptlaptop.com/laptops/dell-g15-5530-intel-core-i5-13450hx-512gb-ssd-16gb-ram-nvidia-geforce-rtx-3050-6gb-15-6-inch-fhd
Dell,G15 5530,"36,666",Intel Core i5 13450HX,10,4.6,"25,038",NVIDIA GeForce RTX 3050,6,16,512GB,15.6,120Hz,1920x1080,1,1,0,kimostore,https://kimostore.net/products/dell-g15-5530-gaming-laptop-intel-core-i5-13450hx-16gb-ram-m-2-nvme-512gb-nvidia-rtx-3050-6gb-15-6-inch-fhd-120hz-ubuntu-gray?_pos=18&_fid=80ebf0845&_ss=c
Asus,Vivobook 16X K3605VC-RP005W,"36,666",Intel Core i5 13420H,8,4.6,"17,401",NVIDIA GeForce RTX 3050,4,16,512GB,16,144Hz,1920x1200,1,1,1,EGYPTLAPTOP,https://egyptlaptop.com/laptops/asus-vivobook-16x-k3605vc-rp005w-gaming-laptop-intel-core-i5-13420h-512gb-ssd-16gb-ram-nvidia-geforce-rtx-3050-4gb-16-inch-wuxga-win-11-silver
HP,Victus 15-fa1093ne 80S91EA,"36,499",Intel Core i5 13420H,8,4.6,"17,401",NVIDIA GeForce RTX 2050,4,8,1TB,15.6,144Hz,1920x1080,0,0,1,B.TECH,https://beta.btech.com/en/p/hp-victus-15-fa1093ne-80s91ea-gaming-laptop-15-6-inch-fhd-ips-performance-blue/4abd20fd-c5f9-45e0-9ba0-361aa19394dd
Lenovo,LOQ 15IAX9,"36,399",Intel Core i5 12450HX,8,4.4,"18,233",NVIDIA GeForce RTX 2050,4,12,512GB,15.6,144Hz,1920x1080,0,0,1,B.TECH,https://beta.btech.com/en/p/lenovo-loq-15iax9-laptop-15-6-inch-ips-144hz-fhd-luna-grey-with-loq-m100-rgb-mouse/65929f0a-e122-405f-b94f-32c0ff73c033
Msi,Thin 15 B13UCX,"35,999",Intel Core i7 13620H,10,4.9,"24,111",NVIDIA GeForce RTX 2050,4,16,512GB,15.6,144Hz,1920x1080,1,1,0,Dream 2000,https://dream2000.com/en/msi-thin-15-b13ucx-gaming-laptop-intel-core-i7-13620h-512gb-ssd-16gb-ram-nvida-geforce-rtx-2050-4gb-15-6-inch-fhd-cosmos-gray.html
MSI,Thin 15 B13UC 9S7-16R831-2615,"35,999.00",Intel Core i7 13620H,10,4.9,"24,111",NVIDIA GeForce RTX 3050,4,16,512GB,15.6,144Hz,1920x1080,0,0,0,TECHNOLOGYVALLEY,https://tv-it.com/products/msi-thin-15-b13uc-gaming-laptop-9s7-16r831-2615
MSI,Thin A15 B7UC,"35,999",AMD Ryzen 7 7735HS,8,4.75,"23,105",NVIDIA GeForce RTX 3050,4,16,512GB,15.6,144Hz,1920x1080,1,1,0,Dream 2000,https://dream2000.com/en/msi-thin-a15-b7uc-laptop-ryzen-7-7735hs-16gb-ram-512gb-ssd-rtx-3050-15-6-fhd-cosmos-gray.html
Lenovo,LOQ Essential 83LK0060ED,"35,999",Intel Core i5 12450HX,8,4.4,"18,233",NVIDIA GeForce RTX 3050,6,16,512GB,15.6,144Hz,1920x1080,1,1,1,Dream 2000,https://dream2000.com/en/lenovo-loq-15iax9e-laptop-intelr-coretm-i5-12450hx-16gb-ram-512gb-ssd-nvidiar-geforce-rtxtm-3050-6gb-15-6-fhd-144hz-windows-11-luna-grey.html
Lenovo,LOQ-E 15IAX9E 83LK0071ED,"35,999.00",Intel Core i5 12450HX,8,4.4,"18,233",NVIDIA GeForce RTX 4050,6,16,512GB,15.6,144Hz,1920x1080,1,2,0,TECHNOLOGYVALLEY,https://tv-it.com/products/lenovo-loq-15iax9e-gaming-laptop-intel-ci5-12450hx-16gb-ram-83lk0071ed
Lenovo,LOQ 15IAX9 83GS00RXED,"35,299",Intel Core i5 12600HX,12,4.6,"24,467",NVIDIA GeForce RTX 3050,6,12,512GB,15.6,144Hz,1920x1080,1,2,0,2B,https://2b.com.eg/en/lenovo-loq-15iax9-laptop-intelr-coretm-i5-12600hx-12gb-512gb-ssd-nvidiar-geforce-rtx-3050-6gb-15-6-fhd-144hz-luna-grey.html
Lenovo,LOQ 15IRX9 83DV012HED,"35,200.00",Intel Core i5 13450HX,10,4.6,"25,038",NVIDIA GeForce RTX 3050,6,24,512GB,15.6,144Hz,1920x1080,1,2,0,TECHNOLOGYVALLEY,https://tv-it.com/products/lenovo-loq-15irx9-gaming-laptop-83dv012hed
Acer,Nitro V 15 ANV15-51-58PQ NH.QNCEM.00L,"35,000.00",Intel Core i5 13420H,8,4.6,"17,401",NVIDIA GeForce RTX 3050,6,16,512GB,15.6,165Hz,1920x1080,1,2,1,TECHNOLOGYVALLEY,https://tv-it.com/products/acer-nitro-v-15-anv15-51-58pq-laptop-nhqncem00l
Lenovo,IdeaPad 5 14IRH9 83KX0044ED,"34,999",Intel Core i5 13420H,8,4.6,"17,401",Intel UHD Graphics,0,16,512GB,14,60Hz,1920x1200,0,0,1,B.TECH,https://beta.btech.com/en/p/lenovo-ideapad-5-14irh9-83kx0044ed-laptop-14-inch-wuxga-ips-60hz-luna-grey-with-lenovo-digital-pen-2/03604839-1311-41a9-912b-2354e9d32cba
Asus,Tuf Gaming A15 FA506NCR-HN007W,"34,999.00",AMD Ryzen 7 7435HS,8,4.5,"23,314",NVIDIA GeForce RTX 3050,4,8,512GB,15.6,144Hz,1920x1080,1,1,1,compuscience,https://compuscience.com.eg/en/laptop/4019-2570-asus-tuf-gaming-a15-fa506ncr-hn007w-r7-7435hs-8gb-ssd-512gb-rtx-3050-4gb-156-inch-fhd-144hz-win11-graphite-black.html#/72-payment_plan-cash
Lenovo,IdeaPad 5 14IRH9,"34,888",Intel Core i5 13420H,8,4.6,"17,401",Intel UHD Graphics,0,16,512GB,14,60Hz,1920x1200,1,2,1,kimostore,https://kimostore.net/products/lenovo-ideapad-5-14irh9-2in1-laptop-intel-core-i5-13420h-16gb-ram-m-2-nvme-512gb-intel-uhd-graphics-14-0-inch-wuxga-ips-touchscreen-360-60hz-win11-luna-grey?_pos=17&_fid=80ebf0845&_ss=c
MSI,Thin 15 B13UC,"34,828",Intel Core i7 13620H,10,4.9,"24,111",NVIDIA GeForce RTX 3050,4,16,512GB,15.6,144Hz,1920x1080,1,2,0,EGYPTLAPTOP,https://egyptlaptop.com/laptops/msi-thin-15-b13uc-gaming-laptop-intel-core-i7-13620h-512gb-ssd-16gb-ram-nvidia-geforce-rtx-3050-4gb-15-6-inch-fhd-win-11-cosmos-grey
ASUS,Vivobook S 14 Flip TN3402YA LZ007W,"34,799",AMD Ryzen 7 7730U,8,4.5,"18,003",AMD Radeon Graphics,0,8,512GB,14,60Hz,1920x1200,0,0,1,B.TECH,https://beta.btech.com/en/p/asus-vivobook-s14-flip-tn3402ya-lz007w-laptop-14-inch-touchscreen-ips-60hz-display-cool-silver/0dc8709f-c54f-4939-89a5-e498b85adfdb
MSI,Thin 15 B13UC 9S7-16R831-2615,"34,799",Intel Core i7 13620H,10,4.9,"24,111",NVIDIA GeForce RTX 3050,4,16,512GB,15.6,60Hz,1920x1080,1,1,0,2B,https://2b.com.eg/en/msi-thin-15-b13uc-laptop-intelr-coretm-i7-13620h-16gb-512gb-ssd-nvidiar-geforce-rtx-3050-4gb-15-6-fhd-gray.html
MSI,Thin 15 B13UC,"34,799",Intel Core i7 13620H,10,4.9,"24,111",NVIDIA GeForce RTX 3050,4,16,512GB,15.6,144Hz,1920x1080,1,2,1,kimostore,https://kimostore.net/products/msi-thin-15-b13uc-laptop-intel-core-i7-13620h-16gb-ram-m-2-nvme-512gb-nvidia-rtx-3050-4gb-15-6-inch-fhd-ips-144hz-win11-black?_pos=22&_fid=80ebf0845&_ss=c
Lenovo,IdeaPad Slim 3 15IRH10 - 83K100F1ED,"34,499",Intel Core i7 13620H,10,4.9,"24,111",Intel UHD Graphics,0,16,512GB,15.3,60Hz,1920x1200,0,0,1,B.TECH,https://beta.btech.com/en/p/lenovo-ideapad-slim-3-15irh10-83k100f1ed-laptop-15-3-inch-wuxga-ips-display-luna-grey-with-laptop-toploader-t210-and-wl310-mouse/56a60ebf-a7d6-4575-98b0-99ff4e40ba7d
Lenovo,LOQ 15IAX9,"34,444",Intel Core i5 12600HX,12,4.6,"24,467",NVIDIA GeForce RTX 3050,6,12,512GB,15.6,144Hz,1920x1080,1,2,0,kimostore,https://kimostore.net/products/lenovo-loq-15iax9-gaming-laptop-intel-core-i5-12600hx-12gb-ram-m-2-nvme-512gb-nvidia-rtx-3050-6gb-15-6-inch-fhd-ips-luna-grey?_pos=36&_fid=1f76ba906&_ss=c
MSI,Thin A15 B7UC 9S7-16RK11-424,"34,399",AMD Ryzen 7 7735HS,8,4.75,"23,105",NVIDIA GeForce RTX 3050,4,16,512GB,15.6,144Hz,1920x1080,1,2,0,RAYA,https://www.rayashop.com/en/msi-thin-a15-b7uc-gaming-laptop-amd-ryzen-7-7735hs-processor-156-inch-fhd-display-512-gb-ssd-16-gb-ram-ddr5-nvidia-geforce-rtx-3050-4-gb-graphics-dos-black-9s7-16rk11-424-4
HP,Pavilion x360 14-ek1019ne 9U5Y5EA,"33,999",Intel Core i5 1335U,10,4.6,"14,227",Intel Iris XE Graphics,0,8,512GB,14,60Hz,1920x1080,0,0,1,B.TECH,https://beta.btech.com/en/p/hp-pavilion-x360-14-ek1019ne-9u5y5ea-laptop-14-inch-fhd-ips-natural-silver/fa5d8d48-0275-4f7a-a7a6-4e24c9fa8dad
HP,Victus 15-fa1051ne,"33,999",Intel Core i5 13420H,8,4.6,"17,401",NVIDIA GeForce RTX 2050,4,8,512GB,15.6,144Hz,1920x1080,1,1,0,EGYPTLAPTOP,https://egyptlaptop.com/laptops/hp-victus-15-fa1051ne-gaming-laptop-intel-core-i5-13420h-512gb-ssd-8gb-ram-nvidia-geforce-rtx-2050-15-6-inch-fhd-blue
HP,ProBook 450 G10,"33,999",Intel Core i5 1335U,10,4.6,"14,227",NVIDIA GeForce RTX 2050,4,16,1TB,15.6,60Hz,1920x1080,1,1,0,EGYPTLAPTOP,https://egyptlaptop.com/laptops/hp-probook-450-g10-business-laptop-intel-core-i5-1335u-1tb-ssd-16gb-ram-nvidia-geforce-rtx-2050-4gb-15-6-inch-fhd-silver
Asus,TUF Gaming A15 FA506NCR-HN007W 90NR0JV7-M001T0,"33,999.00",AMD Ryzen 7 7435HS,8,4.5,"23,314",NVIDIA GeForce RTX 3050,4,8,512GB,15.6,144Hz,1920x1080,1,1,1,TECHNOLOGYVALLEY,https://tv-it.com/products/asus-tuf-gaming-a15-fa506ncr-hn007w-gaming-laptop
MSI,Thin 15 B13UC,"33,899.00",Intel Core i7 13620H,10,4.9,"24,111",NVIDIA GeForce RTX 3050,4,16,512GB,15.6,144Hz,1920x1080,1,2,0,compuscience,https://compuscience.com.eg/en/laptop/4443-3379-msi-thin-15-b13uc-i7-13620h-16gb-512-ssd-rtx3050-ddr6-4gb-156-inch-fhd-144hz-cosmos-gray.html#/72-payment_plan-cash
MSI,Thin 15 B13UC,"33,899.00",Intel Core i7 13620H,10,4.9,"24,111",NVIDIA GeForce RTX 3050,4,16,512GB,15.6,144Hz,1920x1080,1,2,0,compuscience,https://compuscience.com.eg/en/laptop/4431-3365-asus-tuf-gaming-a14-fa401uu-rg028w-amd-r7-8845hs-16gb-ssd-512gb-rtx4050-6gb-14-wqxga-win11-gray.html#/72-payment_plan-cash
ASUS,Vivobook S 14 Flip TN3402YA-LZ007W,"33,444",AMD Ryzen 7 7730U,8,4.5,"18,003",AMD Radeon Graphics,0,8,512GB,14,60Hz,1920x1200,1,1,1,kimostore,https://kimostore.net/products/asus-vivobook-s-14-flip-tn3402ya-lz007w-laptop-amd-ryzen-7-7730u-8gb-ram-m-2-nvme-512gb-amd-radeon-graphics-14-0-inch-wuxga-ips-60hz-win11-silver?_pos=31&_fid=1f76ba906&_ss=c
MSI,Thin 15 B13UCX,"33,399",Intel Core i7 13620H,10,4.9,"24,111",NVIDIA GeForce RTX 2050,4,16,512GB,15.6,144Hz,1920x1080,1,2,0,EGYPTLAPTOP,https://egyptlaptop.com/laptops/msi-thin-15-b13ucx-gaming-laptop-intel-core-i7-13620h-512gb-ssd-16gb-ram-nvida-geforce-rtx-2050-4gb-15-6-inch-fhd-win-11-cosmos-gray
MSI,Thin 15 B13UCX 9S7-16R831-2491,"33,399",Intel Core i7 13620H,10,4.9,"24,111",NVIDIA GeForce RTX 2050,4,16,512GB,15.6,60Hz,1920x1080,1,2,0,RAYA,https://www.rayashop.com/en/msi-thin-15-b13ucx-gaming-laptop-intel-core-i7-13620h-processor-156-inch-fhd-display-512-gb-ssd-16-gb-ram-ddr4-nvidia-geforce-rtx-2050-4-gb-graphics-dos-cosmos-grey-9s7-16r831-2491-2
Lenovo,LOQ 15IAX9,"33,333.00",Intel Core i5 12450HX,8,4.4,"18,233",NVIDIA GeForce RTX 3050,6,8,512GB,15.6,144Hz,1920x1080,1,2,0,compuscience,https://compuscience.com.eg/en/laptop/3656-1489-lenovo-loq-15iax9-intel-core-i5-12450hx-8gb-ssd-512tb-gb-rtx-3050-6gb-156-fhd144hz-luna-grey.html#/72-payment_plan-cash
Lenovo,LOQ 15IAX9 83GS00SKED,"33,099",Intel Core i5 12450HX,8,4.4,"18,233",NVIDIA GeForce RTX 2050,4,12,512GB,15.6,144Hz,1920x1080,1,2,1,2B,https://2b.com.eg/en/lenovo-loq-15iax9-laptop-intelr-coretm-i5-12450hx-12gb-512gb-ssd-nvidiar-geforce-rtx-2050-4gb-15-6-fhd-144hz-win11-luna-grey.html
MSI,Thin 15 B13UCX 2491XEG 9S7-16R831-2615,"33,000.00",Intel Core i7 13620H,10,4.9,"24,111",NVIDIA GeForce RTX 2050,4,16,512GB,15.6,144Hz,1920x1080,0,0,0,TECHNOLOGYVALLEY,https://tv-it.com/products/msi-thin-15-b13ucx-2491xeg-gaming-laptop
Lenovo,IdeaPad Slim 3 15IRH8 83EM007VED,"32,999",Intel Core i7 13620H,10,4.9,"24,111",Intel UHD Graphics,0,16,512GB,15.6,60Hz,1920x1080,0,0,1,B.TECH,https://beta.btech.com/en/p/lenovo-ideapad-slim-3-15irh8-83em007ved-laptop-intel-core-i7-13620h-fhd-display-integrated-intel-uhd-graphics-with-laptop-casual-toploading-bag-black-t210/8b0d8e39-3136-4ff5-a317-4549e37e89b2
ASUS,TUF FA506NFR-HN007W,"32,999",AMD Ryzen 7 7435HS,8,4.5,"23,314",NVIDIA GeForce RTX 2050,4,8,512GB,15.6,144Hz,1920x1080,1,1,1,Dream 2000,https://dream2000.com/en/asus-tuf-fa506nfr-ryzentm-r7-7435hs-8gbram-512gb-ssd-rtxtm-2050-15-6-fhd-graphite-black.html
Lenovo,LOQ 15IAX9E,"32,999",Intel Core i5 12450HX,8,4.4,"18,233",NVIDIA GeForce RTX 3050,6,16,512GB,15.6,144Hz,1920x1080,1,2,1,kimostore,https://kimostore.net/products/lenovo-loq-15iax9e-gaming-laptop-intel-core-i5-12450hx-16gb-ram-m-2-nvme-512gb-nvidia-rtx-3050-6gb-15-6-inch-fhd-ips-144hz-loq-m100-rgb-mouse-win11-luna-grey?_pos=35&_fid=1f76ba906&_ss=c
Lenovo,LOQ Essential 15IAX9E 83LK0060ED,"32,999.00",Intel Core i5 12450HX,8,4.4,"18,233",NVIDIA GeForce RTX 3050,6,16,512GB,15.6,144Hz,1920x1080,1,2,1,TECHNOLOGYVALLEY,https://tv-it.com/products/lenovo-loq-essential-15iax9e-gaming-laptop-83lk0060ed
Lenovo,LOQ 15IAX9 83GS0071AX,"32,500.00",Intel Core i5 12450HX,8,4.4,"18,233",NVIDIA GeForce RTX 2050,4,16,512GB,15.6,144Hz,1920x1080,1,1,0,TECHNOLOGYVALLEY,https://tv-it.com/products/lenovo-loq-15iax9-gaming-laptop-83gs0071ax
Dell,Latitude 3540,"31,999",Intel Core i5 1335U,10,4.6,"14,227",Intel Iris XE Graphics,0,8,512GB,15.6,60Hz,1920x1080,1,1,0,EGYPTLAPTOP,https://egyptlaptop.com/laptops/dell-latitude-3540-intel-core-i5-1335u-512gb-ssd-8gb-ram-intel-iris-xe-graphics-15-6-inch-fhd
Lenovo,IdeaPad Slim 3 15IRH10,"31,999",Intel Core i7 13620H,10,4.9,"24,111",Intel UHD Graphics,0,16,512GB,15.3,60Hz,1920x1200,1,2,1,kimostore,https://kimostore.net/products/lenovo-ideapad-slim-3-15irh10-laptop-intel-core-i7-13620h-16gb-ram-m-2-nvme-512gb-intel-uhd-graphics-15-3-inch-wuxga-ips-win11-luna-gray?_pos=14&_fid=80ebf0845&_ss=c
ASUS,TUF Gaming A15 FA506NFR-HN007W,"31,999",AMD Ryzen 7 7435HS,8,4.5,"23,314",NVIDIA GeForce RTX 2050,4,8,512GB,15.6,144Hz,1920x1080,1,1,1,RAYA,https://www.rayashop.com/en/asus-tuf-a15-fa506nfr-hn007w-gaming-laptop-amd-ryzen-7-7435hs-processor-15-6-inch-fhd-display-512-gb-ssd-8-gb-ram-ddr5-nvidia-geforce-rtx-2050-4-gb-graphics-win11-home-graphite-black-90nr0ju7-m000r0
Lenovo,LOQ Essential 15IAX9E 83LK0070ED,"31,999.00",Intel Core i5 12450HX,8,4.4,"18,233",NVIDIA GeForce RTX 2050,4,8,512GB,15.6,144Hz,1920x1080,1,2,0,TECHNOLOGYVALLEY,https://tv-it.com/products/lenovo-loq-essential-15iax9e-gaming-laptop-intel-ci5-12450hx-83lk0070ed
HP,Victus 15-FA1033NIA,"31,999",Intel Core i5 13420H,8,4.6,"17,401",NVIDIA GeForce RTX 2050,4,8,512GB,15.6,144Hz,1920x1080,1,1,0,kimostore,https://kimostore.net/products/hp-victus-15-fa1033nia-gaming-laptop-intel-core-i5-13420h-8gb-ram-m-2-nvme-512gb-nvidia-rtx-2050-4gb-15-6-inch-fhd-ips-144hz-performance-blue?_pos=26&_fid=1f76ba906&_ss=c
HP,Victus 15-FA1034NIA,"31,999",Intel Core i5 13420H,8,4.6,"17,401",NVIDIA GeForce RTX 2050,4,8,512GB,15.6,144Hz,1920x1080,1,1,0,kimostore,https://kimostore.net/products/hp-victus-15-fa1034nia-gaming-laptop-intel-core-i5-13420h-8gb-ram-m-2-nvme-512gb-nvidia-rtx-2050-4gb-15-6-inch-fhd-ips-144hz-mica-silver?_pos=28&_fid=1f76ba906&_ss=c
Acer,Nitro V15 ANV15-51-58S2,"31,499",Intel Core i5 13420H,8,4.6,"17,401",NVIDIA GeForce RTX 2050,4,8,512GB,15.6,60Hz,1920x1080,1,2,1,2B,https://2b.com.eg/en/acer-nitro-v15-anv15-51-58s2-laptop-intelr-coretm-i5-13420h-8gb-512gb-ssd-nvidiar-geforcer-rtx-2050-4gb-15-6-fhd-win11-finger-print-black.html
HP,Victus 15-fa1034nia,"31,499",Intel Core i5 13420H,8,4.6,"17,401",NVIDIA GeForce RTX 2050,4,8,512GB,15.6,144Hz,1920x1080,1,1,0,EGYPTLAPTOP,https://egyptlaptop.com/laptops/hp-victus-15-fa1034nia-gaming-laptop-intel-core-i5-13420h-512-gb-ssd-8gb-ram-nvidia-geforce-rtx-2050-4gb-15-6inch-fhd-black
HP,Victus 15-fa1033nia,"31,499",Intel Core i5 13420H,8,4.6,"17,401",NVIDIA GeForce RTX 2050,4,8,512GB,15.6,144Hz,1920x1080,1,1,0,EGYPTLAPTOP,https://egyptlaptop.com/laptops/hp-victus-15-fa1033nia-gaming-laptop-intel-core-i5-13420h-512gb-ssd-8gb-ram-nvidia-geforce-rtx-2050-4-gb-15-6-inch-fhd-performance-blue
HP,Victus 15-FA1052NE,"31,499",Intel Core i5 13420H,8,4.6,"17,401",NVIDIA GeForce RTX 2050,4,8,512GB,15.6,144Hz,1920x1080,1,1,0,EGYPTLAPTOP,https://egyptlaptop.com/laptops/hp-victus-15-fa1052ne-intel-core-i5-13420h-512gb-ssd-8gb-ram-nvidia-geforce-rtx-2050-4gb-15-6-inch-fhd-en
HP,Envy x360 15-EW1058WM,"30,999",Intel Core i5 1335U,10,4.6,"14,227",Intel Iris XE Graphics,0,8,512GB,16.1,60Hz,1920x1080,1,1,1,EGYPTLAPTOP,https://egyptlaptop.com/laptops/hp-envy-x360-15-ew1058wm-intel-core-i5-1335u-512gb-ssd-8gb-ram-intel-iris-xe-graphics-15-6-inch-fhd-win-11
Lenovo,LOQ 15IAX9 83GS00FJED,"30,999.00",Intel Core i5 12450HX,8,4.4,"18,233",NVIDIA GeForce RTX 2050,4,12,512GB,15.6,144Hz,1920x1080,0,0,1,TECHNOLOGYVALLEY,https://tv-it.com/products/lenovo-loq-15iax9-gaming-laptop-83gs00fjed
Lenovo,Lenovo IdeaPad Slim 3,"30,899",Intel Core i7 13620H,10,4.9,"24,111",Intel UHD Graphics,0,16,512GB,15.6,60Hz,1920x1080,0,0,0,B.TECH,https://beta.btech.com/en/p/lenovo-ideapad-slim-3-laptop-15-6-inch-fhd-display-arctic-grey-with-casual-toploader-handbag-for-15-6-inch-laptops-black-t210/761dbafb-d6bc-4e79-8fcb-db1034adffd2
Asus,Tuf Gaming A15 FA506NFR-HN007W,"30,499.00",AMD Ryzen 7 7435HS,8,4.5,"23,314",NVIDIA GeForce RTX 2050,4,8,512GB,15.6,144Hz,1920x1080,1,1,1,compuscience,https://compuscience.com.eg/en/laptop/4018-2567-asus-tuf-gaming-a15-fa506nfr-hn007w-r7-743-h-8gb-ssd-512gb-rtx-2050-4gb-156-inch-fhd-144hz-win11-graphite-black.html#/72-payment_plan-cash
Lenovo,LOQ 15IAX9,"30,444",Intel Core i5 12450HX,8,4.4,"18,233",NVIDIA GeForce RTX 2050,4,12,512GB,15.6,144Hz,1920x1080,1,2,1,kimostore,https://kimostore.net/products/lenovo-loq-15iax9-gaming-laptop-intel-core-i5-12450hx-12gb-ram-m-2-nvme-512gb-nvidia-rtx-2050-4gb-15-6-inch-fhd-ips-144hz-win11-luna-grey?_pos=19&_fid=80ebf0845&_ss=c
Lenovo,LOQ 15IAX9 83GS008QED,"29,999.00",Intel Core i5 12450HX,8,4.4,"18,233",NVIDIA GeForce RTX 2050,4,8,512GB,15.6,144Hz,1920x1080,1,2,0,TECHNOLOGYVALLEY,https://tv-it.com/products/lenovo-loq-15iax9-gaming-laptop-83gs008qed
Lenovo,LOQ 15IAX9 83GS00SKED,"29,500.00",Intel Core i5 12450HX,8,4.4,"18,233",NVIDIA GeForce RTX 2050,4,12,512GB,15.6,144Hz,1920x1080,1,2,1,TECHNOLOGYVALLEY,https://tv-it.com/products/lenovo-loq-e-15iax9e-gaming-laptop-83gs00sked
Acer,Nitro V 15 ANV15-51-58S2,"29,500.00",Intel Core i5 13420H,8,4.6,"17,401",NVIDIA GeForce RTX 2050,4,8,512GB,15.6,165Hz,1920x1080,1,2,1,TECHNOLOGYVALLEY,https://tv-it.com/products/acer-nitro-v-15-anv15-51-58s2-laptop-nhqndem006
Lenovo,LOQ Essential 15IAX9E 83LK0062ED,"28,999.00",Intel Core i5 12450HX,8,4.4,"18,233",NVIDIA GeForce RTX 2050,4,16,512GB,15.6,144Hz,1920x1080,1,2,0,TECHNOLOGYVALLEY,https://tv-it.com/products/lenovo-loq-15iax9e-gaming-laptop-83lk0062ed
MSI,Thin 15 B13UCX 9S7-16R831-2891,"27,000.00",Intel Core i5 13420H,8,4.6,"17,401",NVIDIA GeForce RTX 2050,4,8,512GB,15.6,144Hz,1920x1080,0,0,0,TECHNOLOGYVALLEY,https://tv-it.com/products/msi-thin-15-b13ucx-gaming-laptop-intel-ci7-13620h-9s7-16r831-2891